topic,label,score,text,processed_text
topic_0,story,0.14663994312286377,"I started lurking this sub since around 2011 (I know my account is from 2012, this is not my first reddit account), and I have to say I have never seen the moderator team so involved in making this community the most incredible hub of everything related to Liverpool FC. Mod participation in the community and the recent overhaul are obviously big highlights in the work these mods have done, but these are just a part of what I am here to talk about. 

**In the past, and when the new UI overhaul launched, a few people were complaining about all types of Match Threads having little visibility. And some additionally complained about the release timing of Pre and Post Match Threads posting and sticking for visibility. Notwithstanding, Post Match Threads are now stickied and created the exact second a match ends. All current Match Threads are at the top of the sub, and days after the complaints came in, are highlit in glorious Liverpool Red for the entire community to see.**
#TL;DR: Since I first started browsing reddit in 2010, I have never seen a mod team that is as engaged as they are in this community and I cannot thank them enough for facilitating the spreading of my love for this wonderful club. So thank you: /u/Plastic_Mouldsman, /u/severedfragile, and /u/emre23 (Even though you are not a mod, you should be. You make the ""Liverpool Nation"" proud.)","i started lurking this sub since around 2011 (i know my account is from 2012, this is not my first reddit account), and i have to say i have never seen the moderator team so involved in making this community the most incredible hub of everything related to liverpool fc. mod participation in the community and the recent overhaul are obviously big highlights in the work these mods have done, but these are just a part of what i am here to talk about. in the past, and when the new ui overhaul launched, a few people were complaining about all types of match threads having little visibility. and some additionally complained about the release timing of pre and post match threads posting and sticking for visibility. notwithstanding, post match threads are now stickied and created the exact second a match ends. all current match threads are at the top of the sub, and days after the complaints came in, are highlit in glorious liverpool red for the entire community to see. # : since i first started browsing reddit in 2010, i have never seen a mod team that is as engaged as they are in this community and i cannot thank them enough for facilitating the spreading of my love for this wonderful club. so thank you: /u/plastic_mouldsman, /u/severedfragile, and /u/emre23 (even though you are not a mod, you should be. you make the ""liverpool nation"" proud.)"
topic_0,story,0.08360147476196289,"I couldn't agree anymore. I like the newer people just fine, I met Ray and Michael at Comic-Con and they were stand-up guys (Michael even recording a new voice-mail message for me) but I just don't like the whole phasing out of the older members. I know obviously it is going to be said (since it is in fact true) that they are expanding in general and just putting more people into it, but as I ~~bitched~~ explained in other posts earlier the podcast suffered from this.

I find the same issues (in my opinion, which is apparently in the vast minority on this sub, and we know how that goes) happening now. What I have been saying is that with the podcast and other entities like Immersion, everything was much more casual.

*  In the case of the podcast it was just a bunch of friends/co-workers shooting the shit. I know they have more people working there now and they are good people in their own respects too, but they seem to be *trying* to be a personality. And this is what I have noticed in more stuff by them too. 
* Whether it be everyone trying to make Gavin the idiot who just says funny words and is a complete dope, Barbara butting in to make stupid jokes and puns (and I don't mean lame ones, those are funny, but trying to shoe-horn comments in gets annoying).""Oh Gavin's doing an Achievement Guide, cool!"" Then it turns out to be someone just trying to be funny with Gavin by forcing stuff and **not even addressing the game** which has become a bigger issue in my opinion. 

And I just want to say that I do like almost everyone involved with RT including the ones I complained about. It is just annoying when it appears people are trying to force something to develop instead of letting it develop. Just another thing that bothers me personally: Joel is my favorite member of RT, not because he's ""Just so whacky!!1!"" or ""*Caboose* really is Joel!!!"" but because from all of the podcasts he was/is on he seems to be a real funny/smart guy who has interests similar to mine and is REALLY knowledgeable in regards to economics, gambling, etc. So I get disappointed when I click on a video seeing that Joel is in it and then he is just channeling Caboose the whole time. I don't even watch RvB, I watched the first two seasons after I discovered RT (from their shorts and guides) and didn't think it was for me.

Anyway, those are just my 2 cents on this whole ""hot button"" issue.

tl;dr: Let character develop naturally, don't force it. .It is the most important thing in these kind of environments. If Michael wants to RAGE 24/7 in everything he's in, then let him, but don't lead him into that sort of stuff if it isn't natural.","i couldn't agree anymore. i like the newer people just fine, i met ray and michael at comic-con and they were stand-up guys (michael even recording a new voice-mail message for me) but i just don't like the whole phasing out of the older members. i know obviously it is going to be said (since it is in fact true) that they are expanding in general and just putting more people into it, but as i ~~bitched~~ explained in other posts earlier the podcast suffered from this. i find the same issues (in my opinion, which is apparently in the vast minority on this sub, and we know how that goes) happening now. what i have been saying is that with the podcast and other entities like immersion, everything was much more casual. in the case of the podcast it was just a bunch of friends/co-workers shooting the shit. i know they have more people working there now and they are good people in their own respects too, but they seem to be trying to be a personality. and this is what i have noticed in more stuff by them too. whether it be everyone trying to make gavin the idiot who just says funny words and is a complete dope, barbara butting in to make stupid jokes and puns (and i don't mean lame ones, those are funny, but trying to shoe-horn comments in gets annoying).""oh gavin's doing an achievement guide, cool!"" then it turns out to be someone just trying to be funny with gavin by forcing stuff and not even addressing the game which has become a bigger issue in my opinion. and i just want to say that i do like almost everyone involved with rt including the ones i complained about. it is just annoying when it appears people are trying to force something to develop instead of letting it develop. just another thing that bothers me personally: joel is my favorite member of rt, not because he's ""just so whacky!!1!"" or ""caboose really is joel!!!"" but because from all of the podcasts he was/is on he seems to be a real funny/smart guy who has interests similar to mine and is really knowledgeable in regards to economics, gambling, etc. so i get disappointed when i click on a video seeing that joel is in it and then he is just channeling caboose the whole time. i don't even watch rvb, i watched the first two seasons after i discovered rt (from their shorts and guides) and didn't think it was for me. anyway, those are just my 2 cents on this whole ""hot button"" issue. : let character develop naturally, don't force it. .it is the most important thing in these kind of environments. if michael wants to rage 24/7 in everything he's in, then let him, but don't lead him into that sort of stuff if it isn't natural."
topic_0,story,0.07101273536682129,"is always interesting. On a Friday or a Saturday there are a good variety of people represented. Weekend warriors, tourists, college kids, alcoholics, etc. It feels accepting, like shit I'm here just like any other day only thing is I could be anyone right now. Then there are the times at 10:30 AM on a Monday when you're buying a bottle and the guy behind you has a 40oz with clothes that obviously haven't been washed in weeks and behind that is a somewhat respectable dude but he's got a handle of bottom-shelf and then some chick who looks like she's about to get some liquid courage before she hits the corner, I see those bags under your eyes and the second-hand miniskirt that's a bit outta style but still attracts attention. And then there's you. Where do you fit in? What do you represent to all of those other people in line? Do I look respectable, damn I brushed my teeth and took a shower before this I must look alright. Or can they see it in your eyes, slightly bloodshot because you lost your Visine last night and didn't sleep but a couple hours, shit I got a goddamn Brooks Brothers vest on right now I must be good. Or do they see through that facade? The guy at the counter always knows though. Doesn't even accept your ID because he knows your in here at some point everyday. What does he think of you? Does he think you are a functioning alcoholic, does he see your imminent demise, is he also a little bit tipsy and doesn't give a fuck? These are the thoughts running through my head every time, because I'm not drunk enough and the anxiety is kicking in right now and shit get me a pack of Marb Gold Pack and let me be on my way. Duck in the alley and pop open the pint of 100-proof you need to get the day started. Then it's off to the races, I got an 8 hr shift ahead of me but shit I gotta bottle and no one in the liquor store line called me out and I was looking good baby. There's the confidence, pop another quick shot just to keep it going for another 40 mins or so. Then it's into the bathroom at work to keep the facade up. Repeat. Get out of work. Go back to the liquor store line. Purchase the poison. Get wasted and wake up in a daze with the anxiety again, shit I gotta go to the liquor store line again and still be acceptably late to work and confident enough to pull off the facade. Grab some spearmint gum too, now we're good.

TL;DR: The liquor store line is a fascinating example of how the private live's of strangers will always keep you guessing after what the truth behind humanity is, if there even is one.","is always interesting. on a friday or a saturday there are a good variety of people represented. weekend warriors, tourists, college kids, alcoholics, etc. it feels accepting, like shit i'm here just like any other day only thing is i could be anyone right now. then there are the times at 10:30 am on a monday when you're buying a bottle and the guy behind you has a 40oz with clothes that obviously haven't been washed in weeks and behind that is a somewhat respectable dude but he's got a handle of bottom-shelf and then some chick who looks like she's about to get some liquid courage before she hits the corner, i see those bags under your eyes and the second-hand miniskirt that's a bit outta style but still attracts attention. and then there's you. where do you fit in? what do you represent to all of those other people in line? do i look respectable, damn i brushed my teeth and took a shower before this i must look alright. or can they see it in your eyes, slightly bloodshot because you lost your visine last night and didn't sleep but a couple hours, shit i got a goddamn brooks brothers vest on right now i must be good. or do they see through that facade? the guy at the counter always knows though. doesn't even accept your id because he knows your in here at some point everyday. what does he think of you? does he think you are a functioning alcoholic, does he see your imminent demise, is he also a little bit tipsy and doesn't give a fuck? these are the thoughts running through my head every time, because i'm not drunk enough and the anxiety is kicking in right now and shit get me a pack of marb gold pack and let me be on my way. duck in the alley and pop open the pint of 100-proof you need to get the day started. then it's off to the races, i got an 8 hr shift ahead of me but shit i gotta bottle and no one in the liquor store line called me out and i was looking good baby. there's the confidence, pop another quick shot just to keep it going for another 40 mins or so. then it's into the bathroom at work to keep the facade up. repeat. get out of work. go back to the liquor store line. purchase the poison. get wasted and wake up in a daze with the anxiety again, shit i gotta go to the liquor store line again and still be acceptably late to work and confident enough to pull off the facade. grab some spearmint gum too, now we're good. : the liquor store line is a fascinating example of how the private live's of strangers will always keep you guessing after what the truth behind humanity is, if there even is one."
topic_0,no_story,0.1987292468547821,"**Please upvote this post so everyone can join in.  I do not gain any karma.**  

Cleaning, our *favorite* topic!  One of those unfortunate parts of life, but somebody has to do it, and you might as well be frugal about it!  

Some topics to consider discussing:
 
* Product Recipes
* Cleaning Tips (newspaper for windows anyone?)
* Preventative Pest control 
* [DIY Laundry Soap](

Usually I recommend some related subreddits, but honestly can't think of any but /r/DIY. 

**Just in case of any newbies, the rules of the thread:**

Some people value time over money, and others money over time, both can be frugal. Please do not downvote just because you disagree. Please also remember the main rule of this sub, no commercial links! We've had too many issues with businesses trying to make our lovely community their personal ad machine, that we just don't allow it anymore. It keeps the spam at bay!

**TL;DR: Be nice, don't spam.**

Ready, set, GO!
","please upvote this post so everyone can join in. i do not gain any karma. cleaning, our favorite topic! one of those unfortunate parts of life, but somebody has to do it, and you might as well be frugal about it! some topics to consider discussing: product recipes cleaning tips (newspaper for windows anyone?) preventative pest control [diy laundry soap]( usually i recommend some related subreddits, but honestly can't think of any but /r/diy. just in case of any newbies, the rules of the thread: some people value time over money, and others money over time, both can be frugal. please do not downvote just because you disagree. please also remember the main rule of this sub, no commercial links! we've had too many issues with businesses trying to make our lovely community their personal ad machine, that we just don't allow it anymore. it keeps the spam at bay! : be nice, don't spam. ready, set, go!"
topic_0,no_story,0.08508238941431046,"[](/rarityhasadrink-in)I don't know about that, ignorance to me seems like a disease, a disease that's *vary* easy to catch. So to keep it from spreading I can't help but want to educate people whenever possible. The problem arises from mixing up people who are ignorant (even willfully so.), with people who act the way they do out of spite.

[](/adsad-in)  They may vary well see the flaws in their logic but it doesn't matter anymore, because it's not about the subject matter anymore, but rather much deeper issues. /r/cring is a good example of this. People don't go on there to gape at how strange we are as much as they go there to affirm how *normal* they are. Which I think hints at some underlying security issues.

[](/sadhoofbump-in)That is something you just can't fix with words over the internet. At least not easily.

TLDR: Fight ignorance, but not trolls. ","[](/rarityhasadrink-in)i don't know about that, ignorance to me seems like a disease, a disease that's vary easy to catch. so to keep it from spreading i can't help but want to educate people whenever possible. the problem arises from mixing up people who are ignorant (even willfully so.), with people who act the way they do out of spite. [](/adsad-in) they may vary well see the flaws in their logic but it doesn't matter anymore, because it's not about the subject matter anymore, but rather much deeper issues. /r/cring is a good example of this. people don't go on there to gape at how strange we are as much as they go there to affirm how normal they are. which i think hints at some underlying security issues. [](/sadhoofbump-in)that is something you just can't fix with words over the internet. at least not easily. : fight ignorance, but not trolls."
topic_0,no_story,0.07585572451353073,"* San Diego: 1,307,402 people

* Portland: 583,776 people

* Asheville: 83,318 people


I wonder who would win a poll where you can vote only once...

So, San Diego has 1.2 million more people and Portland has 500,000 more people.  That's *that* many more people to vote multiple times and *that* many more people who could potentially have the ""hacking"" skills to swing the poll their way.  Yet they still can't pull out a win?  That's kinda sad, really.  But, this is where enthusiasm comes in and Asheville has that (and great beer) in spades.  Cities *should* be proud of the things they do well.  And even if this is just an arbitrary prize for an unscientific pissing contest, the general public probably doesn't know that and if it can help Asheville bolster the tourism it relies on even a little, then that's awesome.  Although I'd bet money that 99% of the people who say we don't actually deserve it, haven't been here.

TL;DR  Haters gonna hate.","san diego: 1,307,402 people portland: 583,776 people asheville: 83,318 people i wonder who would win a poll where you can vote only once... so, san diego has 1.2 million more people and portland has 500,000 more people. that's that many more people to vote multiple times and that many more people who could potentially have the ""hacking"" skills to swing the poll their way. yet they still can't pull out a win? that's kinda sad, really. but, this is where enthusiasm comes in and asheville has that (and great beer) in spades. cities should be proud of the things they do well. and even if this is just an arbitrary prize for an unscientific pissing contest, the general public probably doesn't know that and if it can help asheville bolster the tourism it relies on even a little, then that's awesome. although i'd bet money that 99% of the people who say we don't actually deserve it, haven't been here. haters gonna hate."
topic_1,story,0.6892534494400024,"Build Help/Ready:

**What is your intended use for this build?** 
Easy enough, I'm a gamer and I'm about to be attending college. It's not so much for college as it is for my personal nerdy pleasure but, I'd like it to be optimal enough to avidly use any simple software or interface on the internet that my university throws at me. I play lots of games from League of Legends to CS:GO and even to single player games like Just Cause 3...or at least I'd like to if my PC wasn't so *shitty* =(. LoL isn't a very intensive game on my computer and I could normally run it at 60 fps easy with high graphics but while playing ranked here recently I had a few frame drops that honestly caused me to get killed and that was the end of nice graphics in any game for me. I'll tell you more about the build I have below shortly but here's some more pain that I've had to experience: Buying and not being able to enjoy GTAV, buying and hardly being able to play Battlefield 4 to it's fullest potential, buying and not being able to hardly run Tom Clancey's the Division. Just completely wasted money I could've put towards upgrading my rig perhaps but I've finally come to that realization and I'm seeking build help!

**If gaming, what kind of performance are you looking for?**
 At the bare minimum 60 fps.... 120 or more would be wonderful if that's an option for me but given a budget, this option is going to be limited. 



**What is your budget?**
*Yikes* I'm not even sure - this may have to be a post-requisite comment followup or something. If I had to make a guess right now I'd say $400 - $500. No more than $500, that'd really be breaking the bank...Really ideal would be about $200 or less dollars but, if necessary I'd really invest. 



**In what country are you purchasing your parts?** 
U S A   U S A   U S A   U S A   U S A  



**Post a draft of your potential build here**
Okay here's my build starting from -  
the **motherboard:** 
manufactured by MSI the model is MS-7721(couldn't find the box that it came in to specify more- sorry!)  
**Case:** Thermaltake VL8000 series V3 Black  
**PSU** EVGA 500E Bronze Power Supply  
**RAM** One 4gb stick from corsair and two 2gb sticks from RipJaws  
**GPU** AMD Radeon HD 7700 series  
**CPU** AMD Athlon(tm) X4 760K Quad Core Processor 3.8GHz  
I double checked myself several times I don't think there's anything I'm missing. If I am I'd be more than happy to have some followup responses to any possibly helpful comments. Thanks for the time you've put into me already by reading this and thanks for potential time you've taken to help me, you guys are awesome!  

TL;DR I built a crap computer and I'm wondering what needs tweaking on my rig. 
","build help/ready: what is your intended use for this build? easy enough, i'm a gamer and i'm about to be attending college. it's not so much for college as it is for my personal nerdy pleasure but, i'd like it to be optimal enough to avidly use any simple software or interface on the internet that my university throws at me. i play lots of games from league of legends to cs:go and even to single player games like just cause 3...or at least i'd like to if my pc wasn't so shitty =(. lol isn't a very intensive game on my computer and i could normally run it at 60 fps easy with high graphics but while playing ranked here recently i had a few frame drops that honestly caused me to get killed and that was the end of nice graphics in any game for me. i'll tell you more about the build i have below shortly but here's some more pain that i've had to experience: buying and not being able to enjoy gtav, buying and hardly being able to play battlefield 4 to it's fullest potential, buying and not being able to hardly run tom clancey's the division. just completely wasted money i could've put towards upgrading my rig perhaps but i've finally come to that realization and i'm seeking build help! if gaming, what kind of performance are you looking for? at the bare minimum 60 fps.... 120 or more would be wonderful if that's an option for me but given a budget, this option is going to be limited. what is your budget? yikes i'm not even sure - this may have to be a post-requisite comment followup or something. if i had to make a guess right now i'd say $400 - $500. no more than $500, that'd really be breaking the bank...really ideal would be about $200 or less dollars but, if necessary i'd really invest. in what country are you purchasing your parts? u s a u s a u s a u s a u s a post a draft of your potential build here okay here's my build starting from - the motherboard: manufactured by msi the model is ms-7721(couldn't find the box that it came in to specify more- sorry!) case: thermaltake vl8000 series v3 black psu evga 500e bronze power supply ram one 4gb stick from corsair and two 2gb sticks from ripjaws gpu amd radeon hd 7700 series cpu amd athlon(tm) x4 760k quad core processor 3.8ghz i double checked myself several times i don't think there's anything i'm missing. if i am i'd be more than happy to have some followup responses to any possibly helpful comments. thanks for the time you've put into me already by reading this and thanks for potential time you've taken to help me, you guys are awesome! i built a crap computer and i'm wondering what needs tweaking on my rig."
topic_1,story,0.3240303099155426,"Was playing a good 4 hour session on hard point and then I happen to run into this teammate who was complaining. 

Now this is typical, peeps complain about a lot of stupid stuff in game chat so I just laugh at him. However, this one was special. We were winning at the time 72 - 221 with 4 minutes left and all the sudden he starts complaining about probably the most retarded thing I've ever heard. He was complained about how we need to get off the points and just kill for the reminder of the game. When he said that I didn't think much of it and stayed on the point, seconds later he just loses his cool and calls me out being a idiot,  random(why is this a insult), etc. 

I promptly told him that this is the main objective and that if I just wanted to do just kill I'd play TDM and so should you. He brags about being in the top 25 and that I have no idea wtf I'm talking about. I'm in tears at this point(of laughter) and I just call him a moron before muting him.

Tldr teammate got angry for playing the objective","was playing a good 4 hour session on hard point and then i happen to run into this teammate who was complaining. now this is typical, peeps complain about a lot of stupid stuff in game chat so i just laugh at him. however, this one was special. we were winning at the time 72 - 221 with 4 minutes left and all the sudden he starts complaining about probably the most retarded thing i've ever heard. he was complained about how we need to get off the points and just kill for the reminder of the game. when he said that i didn't think much of it and stayed on the point, seconds later he just loses his cool and calls me out being a idiot, random(why is this a insult), etc. i promptly told him that this is the main objective and that if i just wanted to do just kill i'd play tdm and so should you. he brags about being in the top 25 and that i have no idea wtf i'm talking about. i'm in tears at this point(of laughter) and i just call him a moron before muting him. teammate got angry for playing the objective"
topic_1,story,0.2897215783596039,"Gotta share this story to you guys. You know how some days the putting just flows and sometimes not at all.. Well I've been really out of tune after not playing the snow rounds in the winter at all. Like +10 results all spring.

Yesterday I went cleaning some birdhouses at my backyard. Nothing too grand, just emptied the old nests from a few boxes. Then hit the local course for some casual play.

On the first hole I hit a tough putt around a tree some 20 feet away. Then on the second hole, a perfect drive to the chains some 280 feet blind dogleg flick but no ace. Anyway it was a nice mood upper and my friend was joking about some excellent karma for helping them birds back at my yard. He was quite right about it..

Turns out that thru the whole round I managed to make the steady putts from just about any distance - despite some wind from the sea. On the last hole I was some 40-45 feet away with mild sidewind to steep downhill basket location + danger of rolling OB. I'd never attack from that lie in a competition but for laughs I decided to give it a go.. Smooth glide right in the middle! 

Total was seven birdies and -1 total  with an unfortunate OB skip and few extra shots from wind conditions. Not my record for the course but an extremely welcome positive experience boost to get out there, practice and enjoy the game more this season.

When I got home I counted the birdhouses. Guess what.. seven boxes. Talk about some karma birdies! I gotta make it a habit to do something nice and relaxing before disc golf tournaments.

TLDR When feeling good, putting is good.

Cheers and happy golfing everybody!","gotta share this story to you guys. you know how some days the putting just flows and sometimes not at all.. well i've been really out of tune after not playing the snow rounds in the winter at all. like +10 results all spring. yesterday i went cleaning some birdhouses at my backyard. nothing too grand, just emptied the old nests from a few boxes. then hit the local course for some casual play. on the first hole i hit a tough putt around a tree some 20 feet away. then on the second hole, a perfect drive to the chains some 280 feet blind dogleg flick but no ace. anyway it was a nice mood upper and my friend was joking about some excellent karma for helping them birds back at my yard. he was quite right about it.. turns out that thru the whole round i managed to make the steady putts from just about any distance - despite some wind from the sea. on the last hole i was some 40-45 feet away with mild sidewind to steep downhill basket location + danger of rolling ob. i'd never attack from that lie in a competition but for laughs i decided to give it a go.. smooth glide right in the middle! total was seven birdies and -1 total with an unfortunate ob skip and few extra shots from wind conditions. not my record for the course but an extremely welcome positive experience boost to get out there, practice and enjoy the game more this season. when i got home i counted the birdhouses. guess what.. seven boxes. talk about some karma birdies! i gotta make it a habit to do something nice and relaxing before disc golf tournaments. when feeling good, putting is good. cheers and happy golfing everybody!"
topic_1,no_story,0.5339019894599915,"Ok, so I thought of this in response to the kingmaking discussion [here]( but I thought it warranted it's own discussion. What do you guys think of game mechanics that try to hide the score from you?

I'm thinking of games like Small World, Dominion, Agricola, etc. Many, many games seem to have this feature and I find it ruining my experience time and again.

The main problem seems to be that as we play, one could count each players score mentally keeping track of them. This usually gives that player quite a large strategic advantage, especially come endgame. So, because bob has a better memory or focused on memorising more bob ends up beating someone who otherwise played a better game. At this point we might as well be playing a game of memory (the children card game).

In response to this I always suggest to play these games with publicly recorded visible scores (on a paper scoreboard for example). I find this leads to higher level and more interesting gameplay. But also constantly have to argue this point to fellow gamers, even when I have specific examples of how I've won a game just based on knowing the score when they didn't.

Anyways, sorry that got a bit ranty.

Tl;dr Do you like hidden scores? Why? If not, how do you deal with games that have them?","ok, so i thought of this in response to the kingmaking discussion [here]( but i thought it warranted it's own discussion. what do you guys think of game mechanics that try to hide the score from you? i'm thinking of games like small world, dominion, agricola, etc. many, many games seem to have this feature and i find it ruining my experience time and again. the main problem seems to be that as we play, one could count each players score mentally keeping track of them. this usually gives that player quite a large strategic advantage, especially come endgame. so, because bob has a better memory or focused on memorising more bob ends up beating someone who otherwise played a better game. at this point we might as well be playing a game of memory (the children card game). in response to this i always suggest to play these games with publicly recorded visible scores (on a paper scoreboard for example). i find this leads to higher level and more interesting gameplay. but also constantly have to argue this point to fellow gamers, even when i have specific examples of how i've won a game just based on knowing the score when they didn't. anyways, sorry that got a bit ranty. do you like hidden scores? why? if not, how do you deal with games that have them?"
topic_1,no_story,0.3670575022697449,"Nobody has mentioned it, but Free to Play...that documentary by Valve about the Dota 2 International. I know it's not about game development or anything, but if you have watched the movie and are an indie developer you'll know why I pick it. The movie is incredibly inspirational for ANY human being - whether you play sports, make games, write books, whatever it's just incredibly inspiring to begin with. The way it hits home with me is because I grew up playing free games, and usually still do today, and that movie captures the magic of having a quality made game and all my projects are aimed at being shareware/freeware, this is turning into a rant so I'll cut it off before I drown in my own feels.

TL;DR: Free to Play shows the magic of the kind of software I aim at creating, so it inspires me to keep making it and making it better.","nobody has mentioned it, but free to play...that documentary by valve about the dota 2 international. i know it's not about game development or anything, but if you have watched the movie and are an indie developer you'll know why i pick it. the movie is incredibly inspirational for any human being - whether you play sports, make games, write books, whatever it's just incredibly inspiring to begin with. the way it hits home with me is because i grew up playing free games, and usually still do today, and that movie captures the magic of having a quality made game and all my projects are aimed at being shareware/freeware, this is turning into a rant so i'll cut it off before i drown in my own feels. : free to play shows the magic of the kind of software i aim at creating, so it inspires me to keep making it and making it better."
topic_1,no_story,0.30497950315475464,"I made the mistake of reading some general new articles today on the Fallout 4 response.  

The first was an article on Forbes which calls FO4 graphics 'underwhelming'.  In the article the author also tries to convince you that Witcher 3 was a graphical downgrade from Witcher 2 and that Fallout 4 is just ""more of the same"".  He obviously never attempted to build any aspect of a settlement or get in a suit of power armor. He also states FO4 is bug ridden (I've not had a single problem in 37 hours on XBone) 
Link: [The 5 Biggest Problems With 'Fallout 4'](

The more bothersome article to me is this one from Motherboard which calls Fallout 4 a ""niche"" game that ""most gamers"" will never play.  The author then goes on to explain the difference between units sold for Fallout 4 and mobile apps like Candy Crush.  Lets get one thing straight.  If the -only- games you are playing are on your phone or tablet, turn in that ""gamer' card you stole.  You are a person bored on the bus or subway or who has a long wait at the barber shop. 
Link: ['Fallout 4' Is a Niche Video Game](

The combat comparisons to FPS titles to FPS titles are ridiculous.  This is not a game being contested on a map designed for arena combat nor is it a pathed FPS story along the lines of Bad Company.   The *closest* combat comparison you can reach for is Farcry 4.  Lets stop comparing apples and oranges or give up your job as a ""video game reviewer"" when you obviously don't have a clue how to do the job without an agenda. 

Are their legit gripes on graphics, especially from the PCMR crowd?  Sure, but lets not become hyperbolic and claim that Fallout 4 is not a masterstroke.  Any -large- open world/sandbox will have unexpected bugs simply because it is not possible to test for them all in a system as vast and complex as this.  I don't see the same critics slamming yet another release in the Battlefield or CoD series who combat exploits are *carried over* to the new annual releases.

I've pulled back hard in terms of the game I purchase partly due to the talking heads that provide information on games are becoming more and more idiotic and unreliable.  

TL;DR - Frustrated gamer who owned an original Nintendo when he was 10 in 1987 is getting tired of people filling up website space with misinformation to justify their existence. ","i made the mistake of reading some general new articles today on the fallout 4 response. the first was an article on forbes which calls fo4 graphics 'underwhelming'. in the article the author also tries to convince you that witcher 3 was a graphical downgrade from witcher 2 and that fallout 4 is just ""more of the same"". he obviously never attempted to build any aspect of a settlement or get in a suit of power armor. he also states fo4 is bug ridden (i've not had a single problem in 37 hours on xbone) link: [the 5 biggest problems with 'fallout 4']( the more bothersome article to me is this one from motherboard which calls fallout 4 a ""niche"" game that ""most gamers"" will never play. the author then goes on to explain the difference between units sold for fallout 4 and mobile apps like candy crush. lets get one thing straight. if the -only- games you are playing are on your phone or tablet, turn in that ""gamer' card you stole. you are a person bored on the bus or subway or who has a long wait at the barber shop. link: ['fallout 4' is a niche video game]( the combat comparisons to fps titles to fps titles are ridiculous. this is not a game being contested on a map designed for arena combat nor is it a pathed fps story along the lines of bad company. the closest combat comparison you can reach for is farcry 4. lets stop comparing apples and oranges or give up your job as a ""video game reviewer"" when you obviously don't have a clue how to do the job without an agenda. are their legit gripes on graphics, especially from the pcmr crowd? sure, but lets not become hyperbolic and claim that fallout 4 is not a masterstroke. any -large- open world/sandbox will have unexpected bugs simply because it is not possible to test for them all in a system as vast and complex as this. i don't see the same critics slamming yet another release in the battlefield or cod series who combat exploits are carried over to the new annual releases. i've pulled back hard in terms of the game i purchase partly due to the talking heads that provide information on games are becoming more and more idiotic and unreliable. - frustrated gamer who owned an original nintendo when he was 10 in 1987 is getting tired of people filling up website space with misinformation to justify their existence."
topic_2,story,0.4357336461544037,"I live in Somerville MA (about a mile outside Boston)

Looking to try a business selling specialty food products. I've posted about this a while ago but I'm now able to spend the money. I have two products right now (see end for long descriptions).

My idea is to make a test batch of each product, and get some of my friends and family together, have food &amp; drinks and obviously feature my products. Tell them a little about my ideas, and give them some to take home, and some to give to a friend. This is not to try raising money. I just want to get some feedback and get some branded products in their hands to.

I really want to concentrate on the branding and marketing of these. Simple, sophisticated design. I'm a capable designer and my brother is a professional web designer. Trying to capitalize on the hipster &amp; foodie crowd. There's a lot of people in my area who appreciate specialty (bakeries, butchers, small ethnic food shops, fish shops, etc). There's also a great deal of Portuguese around here, in southern MA, and in RI, which is pertinent to the marketing of one of my products.

* One is a portuguese hot pepper sauce called pimenta moida. My grandmother's recipe. It's a crushed sauce, not really a tabasco or siracha. Since it's crushed it's more of a pulverized relish. And it has a distinct vinegary/saltiness. great on fish or sandwiches. The selling point with mine is that it's a cleaner sauce. Most products have a lot of seeds because they just crush the entire pepper without deseeding.

* The second is a great pepper jelly my mother makes. Great with cheese and crackers.



**TL;DR**

Want to start a company to sell food products and host a party some of my friends/fam to show them what I plan to sell (NOT TO GET MONEY)

","i live in somerville ma (about a mile outside boston) looking to try a business selling specialty food products. i've posted about this a while ago but i'm now able to spend the money. i have two products right now (see end for long descriptions). my idea is to make a test batch of each product, and get some of my friends and family together, have food &amp; drinks and obviously feature my products. tell them a little about my ideas, and give them some to take home, and some to give to a friend. this is not to try raising money. i just want to get some feedback and get some branded products in their hands to. i really want to concentrate on the branding and marketing of these. simple, sophisticated design. i'm a capable designer and my brother is a professional web designer. trying to capitalize on the hipster &amp; foodie crowd. there's a lot of people in my area who appreciate specialty (bakeries, butchers, small ethnic food shops, fish shops, etc). there's also a great deal of portuguese around here, in southern ma, and in ri, which is pertinent to the marketing of one of my products. one is a portuguese hot pepper sauce called pimenta moida. my grandmother's recipe. it's a crushed sauce, not really a tabasco or siracha. since it's crushed it's more of a pulverized relish. and it has a distinct vinegary/saltiness. great on fish or sandwiches. the selling point with mine is that it's a cleaner sauce. most products have a lot of seeds because they just crush the entire pepper without deseeding. the second is a great pepper jelly my mother makes. great with cheese and crackers. want to start a company to sell food products and host a party some of my friends/fam to show them what i plan to sell (not to get money)"
topic_2,story,0.17337968945503235,"Today I discovered your uniquely optimistic subreddit because my AD+ giftee is a member here. I was twitterpated at first sight. It's so uplifting to find a group of people who enjoy making one another happy without worrying about what's in it for them. Thanks for being so welcoming! The RaoA FAQ is quite thorough: it made me feel confident enough to setup my own list and to send my first gift to a neat RaoAer.

IAMA full-time freelance writer from home (which means I get to wake up, shower, and put on fresh pajamas). My husband and I just moved to Vegas after his year-long remote tour to Korea (in the Air Force). It's incredibly difficult to make friends when you work from home, but Meetup has been a great tool. I now have two groups (bingo &amp; a book club) on that site.

What makes me unique? I have worked for a lot of fascinating companies and organizations from Walt Disney World to the Office of Senator Bennett in DC. I've loved every adventure. I'm a cupcake snob who loves baking goodies for neighbors.

TL;DR - Thanks for having me! I'm new.","today i discovered your uniquely optimistic subreddit because my ad+ giftee is a member here. i was twitterpated at first sight. it's so uplifting to find a group of people who enjoy making one another happy without worrying about what's in it for them. thanks for being so welcoming! the raoa faq is quite thorough: it made me feel confident enough to setup my own list and to send my first gift to a neat raoaer. iama full-time freelance writer from home (which means i get to wake up, shower, and put on fresh pajamas). my husband and i just moved to vegas after his year-long remote tour to korea (in the air force). it's incredibly difficult to make friends when you work from home, but meetup has been a great tool. i now have two groups (bingo &amp; a book club) on that site. what makes me unique? i have worked for a lot of fascinating companies and organizations from walt disney world to the office of senator bennett in dc. i've loved every adventure. i'm a cupcake snob who loves baking goodies for neighbors. - thanks for having me! i'm new."
topic_2,story,0.10641483217477798,"I'm 25 years old and I have been interested in food/cooking since I was 10.  I can make all sorts of things and I'm quite good with culinary terminology.  I'm the only person I know who is like this.  Yes, I have some older family members who like to cook, but most of my siblings, and all of my friends, do not care at all.  I actually earned the nickname ""Grandma"" because I know how to make something more complex than a sandwich.

For example... I have many sisters.  One of them brought up a conversation she had with a friend while watching Goodfellas.  There is a scene in which the three main characters visit Tommy's mom and she makes home style Italian food for them.  This prompted my sister's friend to say it's sad how they'll never be able to do things like this for their own children, and my sister agreed.

I told my sister I could teach them both how to make some wonderful food, but she said they're simply not interested.

Is this anti-cooking mentality an actual phenomenon, or am I just unlucky with meeting other foodies?

TL,DR:  No one I know would be interested in learning how to cook.  They simply want to eat junk food.","i'm 25 years old and i have been interested in food/cooking since i was 10. i can make all sorts of things and i'm quite good with culinary terminology. i'm the only person i know who is like this. yes, i have some older family members who like to cook, but most of my siblings, and all of my friends, do not care at all. i actually earned the nickname ""grandma"" because i know how to make something more complex than a sandwich. for example... i have many sisters. one of them brought up a conversation she had with a friend while watching goodfellas. there is a scene in which the three main characters visit tommy's mom and she makes home style italian food for them. this prompted my sister's friend to say it's sad how they'll never be able to do things like this for their own children, and my sister agreed. i told my sister i could teach them both how to make some wonderful food, but she said they're simply not interested. is this anti-cooking mentality an actual phenomenon, or am i just unlucky with meeting other foodies? tl,dr: no one i know would be interested in learning how to cook. they simply want to eat junk food."
topic_2,no_story,0.4013885259628296,"As a developer I'd like to clear something up; unless its an indie studio we basically have no say on what we make. If the 'business' people (wannabe wolfs of wallstreet w.w.w.) say do it we do it with the tools given to us by the device manufacturers and limitations put in place by everybody but us. I've long stopped making games but thats how it is basically.

Now on the other hand theres studios like Mojang(makers of minecraft) where the developer controlled how the game was done because its his company and hes the one making the product and was limited only by the power of the pc.

***tl;dr: Developers and publishers are different aspects of the gaming business. E.g. Ubisoft and Mojang arent reigned over the same way.***",as a developer i'd like to clear something up; unless its an indie studio we basically have no say on what we make. if the 'business' people (wannabe wolfs of wallstreet w.w.w.) say do it we do it with the tools given to us by the device manufacturers and limitations put in place by everybody but us. i've long stopped making games but thats how it is basically. now on the other hand theres studios like mojang(makers of minecraft) where the developer controlled how the game was done because its his company and hes the one making the product and was limited only by the power of the pc. : developers and publishers are different aspects of the gaming business. e.g. ubisoft and mojang arent reigned over the same way.
topic_2,no_story,0.28151750564575195,"The examples you listed are a special type of security that hold American Depository Receipts, or ADR.  They are called American Depository Securities, or ADS.  They are very different than common stock of a domestic corporation exchanged via the pink sheets.

These ADS aren't businesses in the sense that you're buying domestic shares of common stock in an enterprise, but rather a sort of, you could say, trust fund that hold *actual* shares of *foreign* stock, traded on the major foreign exchanges, as a convenience for American stockholders who don't want to go to the trouble of opening a global trading account.  When the foreign dividends are collected, the sponsoring bank converts the currency to U.S. dollars, does the tax accounting, and sends the money on to the domestic investors, charging a convenience fee of typically much less than 1%, giving economies of scale to smaller portfolios.

In every case, the market capitalization of the firms you mention are overwhelmingly being determined by the real-time trading occurring in the exponentially more liquid foreign market, on the actual listed shares of the business in its home country.  Nestle, for example, trades on the Zurich stock exchange and the value of the American pink sheets fluctuates in accordance due, in part, to arbitragers making sure it trades roughly on par by exploiting any significant differential between the two.  

The market capitalization of the pink sheet listings isn't what you see when you pull up the quote.  When you pull up ticker symbol [NSRGY], for example, that $250+ billion market cap is **not** for the pink sheet listing trading under NSRGY.  Rather, for convenience, the data providers are grabbing the actual value of the underlying company, with all of its shares outstanding, over in Switzerland and then translating back in U.S. dollars as a sort of quick-and-dirty estimate using a couple of short cuts along the way (e.g., it might take the current U.S. value on the ADS and apply it to the ratio-adjusted shares outstanding in the foreign market, which is easy for something like NSRGY because it's a 1-to-1 basis following a reorganization six or seven years ago).  

In many cases, the lesser liquidity of the pink sheet listings is not a problem because an investor of means could simply shatter the security, if it ever became perpetually undervalued, and take delivery of the underlying foreign stock.  Then, he or she could go to the foreign market and sell the stock outright.

TL;DR: Totally different instruments.  The companies you mentioned aren't actually companies but rather a legal intermediary as a way for domestic investors to hold foreign stocks and have the dividends and distributions, if any, automatically converted into U.S. dollars for convenience.  You should be careful comparing them to pink sheet listed common stocks as they have little in common.","the examples you listed are a special type of security that hold american depository receipts, or adr. they are called american depository securities, or ads. they are very different than common stock of a domestic corporation exchanged via the pink sheets. these ads aren't businesses in the sense that you're buying domestic shares of common stock in an enterprise, but rather a sort of, you could say, trust fund that hold actual shares of foreign stock, traded on the major foreign exchanges, as a convenience for american stockholders who don't want to go to the trouble of opening a global trading account. when the foreign dividends are collected, the sponsoring bank converts the currency to u.s. dollars, does the tax accounting, and sends the money on to the domestic investors, charging a convenience fee of typically much less than 1%, giving economies of scale to smaller portfolios. in every case, the market capitalization of the firms you mention are overwhelmingly being determined by the real-time trading occurring in the exponentially more liquid foreign market, on the actual listed shares of the business in its home country. nestle, for example, trades on the zurich stock exchange and the value of the american pink sheets fluctuates in accordance due, in part, to arbitragers making sure it trades roughly on par by exploiting any significant differential between the two. the market capitalization of the pink sheet listings isn't what you see when you pull up the quote. when you pull up ticker symbol [nsrgy], for example, that $250+ billion market cap is not for the pink sheet listing trading under nsrgy. rather, for convenience, the data providers are grabbing the actual value of the underlying company, with all of its shares outstanding, over in switzerland and then translating back in u.s. dollars as a sort of quick-and-dirty estimate using a couple of short cuts along the way (e.g., it might take the current u.s. value on the ads and apply it to the ratio-adjusted shares outstanding in the foreign market, which is easy for something like nsrgy because it's a 1-to-1 basis following a reorganization six or seven years ago). in many cases, the lesser liquidity of the pink sheet listings is not a problem because an investor of means could simply shatter the security, if it ever became perpetually undervalued, and take delivery of the underlying foreign stock. then, he or she could go to the foreign market and sell the stock outright. : totally different instruments. the companies you mentioned aren't actually companies but rather a legal intermediary as a way for domestic investors to hold foreign stocks and have the dividends and distributions, if any, automatically converted into u.s. dollars for convenience. you should be careful comparing them to pink sheet listed common stocks as they have little in common."
topic_2,no_story,0.21297599375247955,"Hey guys,

I could use your advice on something (no, you don't have to know anything about makeup).

My wife is a talented freelance makeup artist. We're trying to think of ways to expand beyond freelance. We're wanting to get more cashflow and we've given a lot of thought to workshops (both group and one-on-one teachings). My wife is a good teacher as well as a good makeup artist (and I'm not just being biased).

Earlier today, I read a great article in Inc magazine about a company called [PaintNite]( They started with an initial investment of $6,815 (I believe in 2012) and had $30 million in revenue in 2014. Not bad ;)

Basically, it's a 2 hour event in a bar where you have drinks with friends while a professional artist teaches you how to paint. It's a big hit for bachelorette parties and girls night out.

I'm thinking this could be a good idea for makeup. Women could get together, drink cocktails (or whatever drink they want), have fun, and learn makeup tips from a professional makeup artist (my wife).

My question for you guys: What do you think I should do to make something like that happen? Should I reach out to some event planners in NYC (where I live) and try to partner up on these events? Would an event planner have a network she could tap into? Would she be able to bring in paying customers?

Or should we try to plan this ourselves?

Maybe I should find people who are engaged and ask if they'd be interested in this for a bachelorette party? Or maybe that would be tacky?

**TL;DR My wife is a makeup artist and we'd like to build a business where she teaches workshops for girls night out. Is this a viable idea?**","hey guys, i could use your advice on something (no, you don't have to know anything about makeup). my wife is a talented freelance makeup artist. we're trying to think of ways to expand beyond freelance. we're wanting to get more cashflow and we've given a lot of thought to workshops (both group and one-on-one teachings). my wife is a good teacher as well as a good makeup artist (and i'm not just being biased). earlier today, i read a great article in inc magazine about a company called [paintnite]( they started with an initial investment of $6,815 (i believe in 2012) and had $30 million in revenue in 2014. not bad ;) basically, it's a 2 hour event in a bar where you have drinks with friends while a professional artist teaches you how to paint. it's a big hit for bachelorette parties and girls night out. i'm thinking this could be a good idea for makeup. women could get together, drink cocktails (or whatever drink they want), have fun, and learn makeup tips from a professional makeup artist (my wife). my question for you guys: what do you think i should do to make something like that happen? should i reach out to some event planners in nyc (where i live) and try to partner up on these events? would an event planner have a network she could tap into? would she be able to bring in paying customers? or should we try to plan this ourselves? maybe i should find people who are engaged and ask if they'd be interested in this for a bachelorette party? or maybe that would be tacky? my wife is a makeup artist and we'd like to build a business where she teaches workshops for girls night out. is this a viable idea?"
topic_3,story,0.257184237241745,"Hi fellow SysAdmins. I was wondering if I could ask your advice on a ""I should be so lucky"" type question I'm facing in my Career.

I started working at a mid-sized company some five or so years ago at a respectable $75k/yr. I like to think due to my performance and commitment I have been lucky to have my salary raised to roughly $115k/yr over my tenure.

The city I'm living in is quite an expensive city but I recognise I'm on the higher end of the pay scale.
I was originally hired as a primarily Windows sysadmin but have not stopped learning new things (except *nix sysadmining)

I'm currently completing a IT masters degree (finishing this year assuming I pass) that has given me theoretical knowledge on unix, project management, networking, security and some web development but I have not been keeping up to date with certifications at the same time.

I have sent my CV to a couple of recruiters but have not heard anything back at all. Have I priced myself out of the market? I also have not solicited any responses to my profile on LinkenIn. Should I just stay the course and continue learning or maybe take a pay cut to go to a different role (perhaps one with some proper linux exposure or in a enterprise company)? I'd rather not go the management route but perhaps architecture would be a potential. 

I'm started to get worried that I'm looking a bit ""rusted on"" in my current role to potential employers and it's asking the question of ""why did this this guy stay at that company so long?"".

Has anybody else ever been in a similar position? Any career advice? I genuinely love solving problems in my job and I have a passion to learn new things but I don't want to paint myself into a corner here.

I feel somewhat ridiculous in asking all this.

**TL;DR:** Have a good salary. Am I too expensive to move elsewhere and gain new experiences?","hi fellow sysadmins. i was wondering if i could ask your advice on a ""i should be so lucky"" type question i'm facing in my career. i started working at a mid-sized company some five or so years ago at a respectable $75k/yr. i like to think due to my performance and commitment i have been lucky to have my salary raised to roughly $115k/yr over my tenure. the city i'm living in is quite an expensive city but i recognise i'm on the higher end of the pay scale. i was originally hired as a primarily windows sysadmin but have not stopped learning new things (except nix sysadmining) i'm currently completing a it masters degree (finishing this year assuming i pass) that has given me theoretical knowledge on unix, project management, networking, security and some web development but i have not been keeping up to date with certifications at the same time. i have sent my cv to a couple of recruiters but have not heard anything back at all. have i priced myself out of the market? i also have not solicited any responses to my profile on linkenin. should i just stay the course and continue learning or maybe take a pay cut to go to a different role (perhaps one with some proper linux exposure or in a enterprise company)? i'd rather not go the management route but perhaps architecture would be a potential. i'm started to get worried that i'm looking a bit ""rusted on"" in my current role to potential employers and it's asking the question of ""why did this this guy stay at that company so long?"". has anybody else ever been in a similar position? any career advice? i genuinely love solving problems in my job and i have a passion to learn new things but i don't want to paint myself into a corner here. i feel somewhat ridiculous in asking all this. : have a good salary. am i too expensive to move elsewhere and gain new experiences?"
topic_3,story,0.252316415309906,"I just graduated high school where, although I was astounding in schoolwork, I wasn't very interested in school based Extra-Curriculars. Tried out a couple clubs in my senior year and I couldn't stand them. The only real clubs I was consistently part of was the soccer team and rock climbing club. 

I'm nervous about being able to find ECs in college that I am both successful at and enjoy. The only things I can think of are sports: The soccer team (in my second year), but that's easy because my school doesn't excel in this so I don't think it will be impressive to Adcoms as say, a D1 athlete (btw I'm in Canada). I'll definitely be doing intramural sports and working out just because that's what I love doing. The only EC relevant to medicine that I have planned is volunteering at an Alzheimer's home which I've started this summer. What else can I do? Or, much more importantly, how do I find good ECs that I love doing?

Also, research. I am a complete stranger in this field. I initially had the impression that when med schools say they liked applicants with research experience they meant actually contributing in creating  the hypothesis, purpose and method of the research not just doing lab work or co-writing the conclusion (I still have a very vague sense of how University research occurs). To me at least, creating the initial part of the research shows true understanding of the scientific method and it's validity, rather than simply doing lab work. My ignorant opinions aside, I am just interested in how some of you made the connections that lead to your research experience.

TL;DR How do you find quality ECs that you're interested in, and how do you find quality research opportunities?","i just graduated high school where, although i was astounding in schoolwork, i wasn't very interested in school based extra-curriculars. tried out a couple clubs in my senior year and i couldn't stand them. the only real clubs i was consistently part of was the soccer team and rock climbing club. i'm nervous about being able to find ecs in college that i am both successful at and enjoy. the only things i can think of are sports: the soccer team (in my second year), but that's easy because my school doesn't excel in this so i don't think it will be impressive to adcoms as say, a d1 athlete (btw i'm in canada). i'll definitely be doing intramural sports and working out just because that's what i love doing. the only ec relevant to medicine that i have planned is volunteering at an alzheimer's home which i've started this summer. what else can i do? or, much more importantly, how do i find good ecs that i love doing? also, research. i am a complete stranger in this field. i initially had the impression that when med schools say they liked applicants with research experience they meant actually contributing in creating the hypothesis, purpose and method of the research not just doing lab work or co-writing the conclusion (i still have a very vague sense of how university research occurs). to me at least, creating the initial part of the research shows true understanding of the scientific method and it's validity, rather than simply doing lab work. my ignorant opinions aside, i am just interested in how some of you made the connections that lead to your research experience. how do you find quality ecs that you're interested in, and how do you find quality research opportunities?"
topic_3,story,0.23516413569450378,"I'm a PhD student in mechanical engineering for context. It starts out very general, you spend a year or two really just catching up on literature since, you know, your advisor has been along for the ride for about 30 years so comparatively you're an academic infant. So you read a paper which answers questions, but also creates more questions for you.  But that's ok and is par for the course, so you look up more papers which answer those questions, and this cycle repeats itself for your entire career/life. Pretty much the more you learn, you realize the less you really know. At some point you will have a question about how something works because maybe the paper was confusing or not thorough, or you think, ""why didn't they do this?"" but THIS time... this magical time, you find there is no further information on the topic. But it's a good thing you spent the past two 2 years catching up on it,  and now hopefully you can try and answer the question yourself. But now is where it gets good, because before now you read others papers to get answers, which  lead to more questions.  Now it's your own set of questions and answers that will drive the field. And now you're an academic teenager, and as the babies come to the lab to try and be a part of the work, YOUR papers are what they reading to catch up to the current state of things. Ultimately, some people catch on quick and you're like ::these smarty pants bastards:: but many never even get to that part and will go to a masters degree route instead, because the only way to get a PhD is really discovering something previously unknown through creativity and a lot of critical thinking. I am more typical I think and would say after about 6-12 months starting asking questions that didn't have really well worked out answers, and that's when the real work begins! I think this diagram is a perfect explanation of how it goes 



Tl;Dr:  you might not be a creative person, I don't know, but neither will you until you've really been in grad school for a year or two as it takes time to push out that bubble of knowledge. 



","i'm a phd student in mechanical engineering for context. it starts out very general, you spend a year or two really just catching up on literature since, you know, your advisor has been along for the ride for about 30 years so comparatively you're an academic infant. so you read a paper which answers questions, but also creates more questions for you. but that's ok and is par for the course, so you look up more papers which answer those questions, and this cycle repeats itself for your entire career/life. pretty much the more you learn, you realize the less you really know. at some point you will have a question about how something works because maybe the paper was confusing or not thorough, or you think, ""why didn't they do this?"" but this time... this magical time, you find there is no further information on the topic. but it's a good thing you spent the past two 2 years catching up on it, and now hopefully you can try and answer the question yourself. but now is where it gets good, because before now you read others papers to get answers, which lead to more questions. now it's your own set of questions and answers that will drive the field. and now you're an academic teenager, and as the babies come to the lab to try and be a part of the work, your papers are what they reading to catch up to the current state of things. ultimately, some people catch on quick and you're like ::these smarty pants bastards:: but many never even get to that part and will go to a masters degree route instead, because the only way to get a phd is really discovering something previously unknown through creativity and a lot of critical thinking. i am more typical i think and would say after about 6-12 months starting asking questions that didn't have really well worked out answers, and that's when the real work begins! i think this diagram is a perfect explanation of how it goes : you might not be a creative person, i don't know, but neither will you until you've really been in grad school for a year or two as it takes time to push out that bubble of knowledge."
topic_3,no_story,0.2438855916261673,"Hello Reddit. 

I am a college senior and will be graduating in August. It is time for me to enter the job search which in of itself is a scary proposition but I digress. The university I attend (Penn State) has offered numerous career fairs and such for people in my major (Information Systems and Technologies) to try and land a job. Ideally I want to work in the field of IT Consulting but at this point won't be too overly picky. 

I have gone to these career fairs, shook hands, handed out my resume and had interviews yet haven't been offered a position. People within my major have gotten offers and I am one of the only few people who haven't received any offers...from anywhere. I've never had a problem with interviews, I'm a people person and ""balanced"" and all so I don't see why I am having trouble. 

I have attached my resume for you all to see/pick apart as you will. Any advice on how to tailor it to IT, fix it up, etc would be beyond appreciated as I will be spamming it to as many tech companies as possible in the near future and I'd like to get some opinions from fellow redditors as I'm sure some of you are in the field. Thanks in advance! 

TL;DR See anything wrong with my resume? Point it out. I wanna work in the IT field.

Note: I have removed any overly identifying information from it (i.e email and phone #) but it will be present on the ones I submit to employers. 

Resume: 
","hello reddit. i am a college senior and will be graduating in august. it is time for me to enter the job search which in of itself is a scary proposition but i digress. the university i attend (penn state) has offered numerous career fairs and such for people in my major (information systems and technologies) to try and land a job. ideally i want to work in the field of it consulting but at this point won't be too overly picky. i have gone to these career fairs, shook hands, handed out my resume and had interviews yet haven't been offered a position. people within my major have gotten offers and i am one of the only few people who haven't received any offers...from anywhere. i've never had a problem with interviews, i'm a people person and ""balanced"" and all so i don't see why i am having trouble. i have attached my resume for you all to see/pick apart as you will. any advice on how to tailor it to it, fix it up, etc would be beyond appreciated as i will be spamming it to as many tech companies as possible in the near future and i'd like to get some opinions from fellow redditors as i'm sure some of you are in the field. thanks in advance! see anything wrong with my resume? point it out. i wanna work in the it field. note: i have removed any overly identifying information from it (i.e email and phone #) but it will be present on the ones i submit to employers. resume:"
topic_3,no_story,0.14612945914268494,"I started at 11/hr with no direct experience, so the pay, I am not complaining about. I'm thankful to have a job in this market. They treat us like shit though, and it reflects on our job performance. The morale sucks and the departments don't cooperate so you get painters on top of GMs trying to paint around repair work, and the fucking GMs brush up on wet paint and fuck up stuff.

We have, on average, 7 hours to do a two bedroom apartment on a two man crew (half that for a 1bd) Which, if the unit is clean and needs no wall or ceiling repairs (which we do, not the GMs), is doable. If, however, the entire upstairs ceiling was fucked and the popcorn looked like it'd come down if you breathed on it wrong...it's more like two and a half days. Oh, and it rents tomorrow. Oh, and the carpet guy still needs to come so fucking hurry. That was my last few days. I fell off a ladder too, on Christmas Eve, at work.

TL;DR: Fuck APM. Merry Christmas. :P

Edit: Sorry for the bitchy rant. I have bronchitis and I was at work today breathing in who knows what making it worse. I'm cranky.","i started at 11/hr with no direct experience, so the pay, i am not complaining about. i'm thankful to have a job in this market. they treat us like shit though, and it reflects on our job performance. the morale sucks and the departments don't cooperate so you get painters on top of gms trying to paint around repair work, and the fucking gms brush up on wet paint and fuck up stuff. we have, on average, 7 hours to do a two bedroom apartment on a two man crew (half that for a 1bd) which, if the unit is clean and needs no wall or ceiling repairs (which we do, not the gms), is doable. if, however, the entire upstairs ceiling was fucked and the popcorn looked like it'd come down if you breathed on it wrong...it's more like two and a half days. oh, and it rents tomorrow. oh, and the carpet guy still needs to come so fucking hurry. that was my last few days. i fell off a ladder too, on christmas eve, at work. : fuck apm. merry christmas. :p edit: sorry for the bitchy rant. i have bronchitis and i was at work today breathing in who knows what making it worse. i'm cranky."
topic_3,no_story,0.13858304917812347,"Moleskine notebooks like [this]( I've used a moleskine notebook for ~3 years now. I'm on my third one and they're of great craftsmanship and can handle a lot of abuse. Granted, I work in a job where I can't have electronics on me, but these notebooks have enough in them to make up for it.

Here's what my pocket moleskine does for me:

* Yearly break-down to write in long term goals
* A variety of 'apps' including world map with time zones, major holidays, international calling codes, metric-standard conversion for almost everything, a ruler, and a schedule block
* Weekly planner with each half of the week getting one page followed by a blank lined sheet of paper.
* A few more blank pages in the back for daily notes
* A pocket that can hold important, everyday papers. Includes some stickers for important dates.

When I say I use this thing everyday, I can't exaggerate. And I'm a woefully unorganized person, my desk is trashed, clothes don't have their own drawers, etc. But if you take the time to write down appointments as you get them and always wear clothes with pockets, you can't help but get more organized. Every few days gets its own blank sheet of paper which really helps for taking down longer notes that won't fit in a single block, along with shopping lists etc.

TLDR; If you don't want to deal with an App or electronic source, go pick up a high-quality moleskine 18-month planner. Best investment I've ever done. Also, moleskine needs to send me free shit for how much I advertise for them, but they deserve it.","moleskine notebooks like [this]( i've used a moleskine notebook for ~3 years now. i'm on my third one and they're of great craftsmanship and can handle a lot of abuse. granted, i work in a job where i can't have electronics on me, but these notebooks have enough in them to make up for it. here's what my pocket moleskine does for me: yearly break-down to write in long term goals a variety of 'apps' including world map with time zones, major holidays, international calling codes, metric-standard conversion for almost everything, a ruler, and a schedule block weekly planner with each half of the week getting one page followed by a blank lined sheet of paper. a few more blank pages in the back for daily notes a pocket that can hold important, everyday papers. includes some stickers for important dates. when i say i use this thing everyday, i can't exaggerate. and i'm a woefully unorganized person, my desk is trashed, clothes don't have their own drawers, etc. but if you take the time to write down appointments as you get them and always wear clothes with pockets, you can't help but get more organized. every few days gets its own blank sheet of paper which really helps for taking down longer notes that won't fit in a single block, along with shopping lists etc. ; if you don't want to deal with an app or electronic source, go pick up a high-quality moleskine 18-month planner. best investment i've ever done. also, moleskine needs to send me free shit for how much i advertise for them, but they deserve it."
topic_4,story,0.3466445505619049,"oh man i've been through like six phones - i'm the worst with keeping them in one piece.

* my first phone i got when i was 13. i broke it by fiddling around with security settings and somehow frying it.
* i dropped my second phone running for the bus (e: is this a common thing? :V). the screen shattered. i got it fixed, and less than two weeks later i took it out of my pocket and the screen was gone again. got it fixed *again* by different people who fucked up the front buttons so that they didn't work.
* i used a really old blackberry while i saved up for a new phone. this one actually lasted me quite a while, but i lost the trackball eventually (somehow).
* i decided to get a smartphone after that. i ended up with a galaxy nexus which i eventually ended up selling after i got tired of it. i got a one x with the money i got from selling it and this phone actually lasted me quite a while until i got waaaay too drunk and spiked it on the ground. it was somehow still functional, but the screen was screwed.
* since my contract was up anyway i threw my hands up in the air and got an iPhone 5S, which i'm still using. almost 2 years and no issues.

tl;dr: don't trust me with technology","oh man i've been through like six phones - i'm the worst with keeping them in one piece. my first phone i got when i was 13. i broke it by fiddling around with security settings and somehow frying it. i dropped my second phone running for the bus (e: is this a common thing? :v). the screen shattered. i got it fixed, and less than two weeks later i took it out of my pocket and the screen was gone again. got it fixed again by different people who fucked up the front buttons so that they didn't work. i used a really old blackberry while i saved up for a new phone. this one actually lasted me quite a while, but i lost the trackball eventually (somehow). i decided to get a smartphone after that. i ended up with a galaxy nexus which i eventually ended up selling after i got tired of it. i got a one x with the money i got from selling it and this phone actually lasted me quite a while until i got waaaay too drunk and spiked it on the ground. it was somehow still functional, but the screen was screwed. since my contract was up anyway i threw my hands up in the air and got an iphone 5s, which i'm still using. almost 2 years and no issues. : don't trust me with technology"
topic_4,story,0.34433838725090027,"Steam's recent decision to make Steam trading cards selling dependent on whether or not you could afford to have a cellphone has made it difficult for some like me to continue to enjoy the Steam sales. Up until now, it was completely optional to add a phone number or to add Two-factor authentication through the Steam app to your account. Now, it's being tied to if you can sell Steam trading cards. If you don't, you have to wait 15 days before it gets put on the market. That just doesn't seem like an option, does it?

Well, for poor folks like me without a cellphone or those that just have a broken one, I have an option for you! I found a way around all this, without needing a physical cellphone. It only takes a few minutes with some basic software and then you can not only complete the Steam badge, but you'll be able to sell Steam cards again! 

1. Download [Bluestacks]( It's a free Android emulator. With this installed, we can begin step two.

2. After Bluestacks is installed, click ""MyBluestacks"" and sign up for a Google account. It only takes a moment. If you already have a google account, login. 

3. Go to the ""Search"" button, click it, and type in ""TextNow"". It's the second app in the list. The TextNow app is what we are going to use for sms messaging and the phone number. Install the app and sign up for an account, either using Facebook or manually. When it asks you for a area code, put in your own. Write down the phone number it gives you.

4. Search for and download the Steam app. Install it.

5. Go to your Steam client and navigate to Steam -&gt; Settings -&gt; View Account Details. Another way to do this is through your badges if you do not already have the community badge for changing your phone number or doing Two-factor authentication. Take the number you received from the TextNow app and change your number here. 

6. For two factor authentication, go back to Bluestacks and click the Steam app. You may have to go to ""All apps"" to find it.  Login to your Steam account using your account details. After you entered in the code that was sent to your email and you were let into the app properly, get out of your friends list, and click ""two factor authentication"". Then click ""Done"". That should be it. **EDIT:** also, write down the recovery code so you don't lock yourself out. Very important! 

The only problem I've had is that when I go to sell cards it takes a few tries to confirm it. And, of course, every time i wanna sell a card, i need this emulator open. It's annoying, but it does work in the end. 

and that's it! That's how you get around the requirement of owning a cellphone to sell Steam cards in 2016.

TLDR: If you wanna get around the 15 day wait to sell trading cards and your cellphone just died, get Bluestacks with TextNow and the Steam app.  ","steam's recent decision to make steam trading cards selling dependent on whether or not you could afford to have a cellphone has made it difficult for some like me to continue to enjoy the steam sales. up until now, it was completely optional to add a phone number or to add two-factor authentication through the steam app to your account. now, it's being tied to if you can sell steam trading cards. if you don't, you have to wait 15 days before it gets put on the market. that just doesn't seem like an option, does it? well, for poor folks like me without a cellphone or those that just have a broken one, i have an option for you! i found a way around all this, without needing a physical cellphone. it only takes a few minutes with some basic software and then you can not only complete the steam badge, but you'll be able to sell steam cards again! 1. download [bluestacks]( it's a free android emulator. with this installed, we can begin step two. 2. after bluestacks is installed, click ""mybluestacks"" and sign up for a google account. it only takes a moment. if you already have a google account, login. 3. go to the ""search"" button, click it, and type in ""textnow"". it's the second app in the list. the textnow app is what we are going to use for sms messaging and the phone number. install the app and sign up for an account, either using facebook or manually. when it asks you for a area code, put in your own. write down the phone number it gives you. 4. search for and download the steam app. install it. 5. go to your steam client and navigate to steam -&gt; settings -&gt; view account details. another way to do this is through your badges if you do not already have the community badge for changing your phone number or doing two-factor authentication. take the number you received from the textnow app and change your number here. 6. for two factor authentication, go back to bluestacks and click the steam app. you may have to go to ""all apps"" to find it. login to your steam account using your account details. after you entered in the code that was sent to your email and you were let into the app properly, get out of your friends list, and click ""two factor authentication"". then click ""done"". that should be it. edit: also, write down the recovery code so you don't lock yourself out. very important! the only problem i've had is that when i go to sell cards it takes a few tries to confirm it. and, of course, every time i wanna sell a card, i need this emulator open. it's annoying, but it does work in the end. and that's it! that's how you get around the requirement of owning a cellphone to sell steam cards in 2016. : if you wanna get around the 15 day wait to sell trading cards and your cellphone just died, get bluestacks with textnow and the steam app."
topic_4,story,0.3210977017879486,"So I currently have a 1520.3 that I bought off Newegg not too long about because it had all the features that the ATT version didn't have (Qi Wireless Charging and 32 GB of storage and unlocked). I kept my device on T-Mobile because that was what I already had before. When AT&amp;T/Software finally released their WP app, I switched my number over to attempt to install the app. It worked, however when it came to setting up my account, after inputting a new PIN, I was greeted with the alert that my phone was not compatible with this app and promptly kicked out to the main screen.  I believe this is because it's the international version not branded by AT&amp;T, and with Software there are so many caveats to the type of phone you're able to use.   
  
With this, I don't see the point in waiting for the T-Mobile version of the app anymore, as most likely my device still wouldn't be compatible. Currently a promotion is running for $50 off the price of the M8 with a free Xbox Edition of the dot cover case; I find this as good a time as any to make the switch. Those that may have used the 1520 and the One M8, what are the pros and cons to making this change and how shitty is that M8 camera really? Keep in mind I'm coming from the glorious 20 MP PureView camera that is on the 1520.   
  
TL;DR: No Softcard ware support on AT&amp;T with international version of 1520. The M8 has a shitty camera. On the fence about buying it as I consider it a downgrade, but would really really like to tell Apple users that I can do the same damn thing!","so i currently have a 1520.3 that i bought off newegg not too long about because it had all the features that the att version didn't have (qi wireless charging and 32 gb of storage and unlocked). i kept my device on t-mobile because that was what i already had before. when at&amp;t/software finally released their wp app, i switched my number over to attempt to install the app. it worked, however when it came to setting up my account, after inputting a new pin, i was greeted with the alert that my phone was not compatible with this app and promptly kicked out to the main screen. i believe this is because it's the international version not branded by at&amp;t, and with software there are so many caveats to the type of phone you're able to use. with this, i don't see the point in waiting for the t-mobile version of the app anymore, as most likely my device still wouldn't be compatible. currently a promotion is running for $50 off the price of the m8 with a free xbox edition of the dot cover case; i find this as good a time as any to make the switch. those that may have used the 1520 and the one m8, what are the pros and cons to making this change and how shitty is that m8 camera really? keep in mind i'm coming from the glorious 20 mp pureview camera that is on the 1520. : no softcard ware support on at&amp;t with international version of 1520. the m8 has a shitty camera. on the fence about buying it as i consider it a downgrade, but would really really like to tell apple users that i can do the same damn thing!"
topic_4,no_story,0.29715943336486816,"Hey all  
I'm currently using a Samsung Galaxy Nexus and an iPhone 4, both on Verizon. The G'Nex is mine, the iPhone is supplied from work. I don't have the option to *not* have an iPhone, but I can get rid of my G'Nex. There's my dilemma.

If/When I do decide to do this switch, I'll port my old mobile number to GVoice and have it forward calls and texts to my iPhone for ease of getting everyone and everything to use my ""new number"". I'm glad I won't have to do that ever again.

I'm currently grandfathered in to the unlimited data plan on my G'Nex, and I use it extensively with GVoice, GTalk, EverNote, YouTube, FaceBook, G+, Reddit Sync, Chant (I know.. I know..), and various other apps. It's rooted and rom'ed running an ancient CyanogenMod nightly. Everything runs smooooooth as silk.

On my iPhone, however, things are not so smooth. Firstly, I can't find good GVoice, GTalk, or Chant replacements. Alien Blue seems to work just as well as Reddit Sync, though with a different UI, so that will only take a bit to get used to. Secondly, the phone *feels dated*. When in FaceBook, tap on a picture and it takes a few seconds to open the picture in full screen. Then it's finicky to close the picture and continue scrolling. Animated GIFs from Alien Blue take ages to download (which is normal on a 3G network), but then once they're downloaded they play like they're stop motion footage. It's also like this in Safari.

TL;DR: iPhone 4 seems slow as balls, is this normal? Looking to find some key apps from my Android on my iPhone 4.","hey all i'm currently using a samsung galaxy nexus and an iphone 4, both on verizon. the g'nex is mine, the iphone is supplied from work. i don't have the option to not have an iphone, but i can get rid of my g'nex. there's my dilemma. if/when i do decide to do this switch, i'll port my old mobile number to gvoice and have it forward calls and texts to my iphone for ease of getting everyone and everything to use my ""new number"". i'm glad i won't have to do that ever again. i'm currently grandfathered in to the unlimited data plan on my g'nex, and i use it extensively with gvoice, gtalk, evernote, youtube, facebook, g+, reddit sync, chant (i know.. i know..), and various other apps. it's rooted and rom'ed running an ancient cyanogenmod nightly. everything runs smooooooth as silk. on my iphone, however, things are not so smooth. firstly, i can't find good gvoice, gtalk, or chant replacements. alien blue seems to work just as well as reddit sync, though with a different ui, so that will only take a bit to get used to. secondly, the phone feels dated. when in facebook, tap on a picture and it takes a few seconds to open the picture in full screen. then it's finicky to close the picture and continue scrolling. animated gifs from alien blue take ages to download (which is normal on a 3g network), but then once they're downloaded they play like they're stop motion footage. it's also like this in safari. : iphone 4 seems slow as balls, is this normal? looking to find some key apps from my android on my iphone 4."
topic_4,no_story,0.24908199906349182,"A couple of specialist companies and social enterprises have been setup to target the ""bottom of the pyramid"" with razor thin margins made up with volume.

Cell phones are used a lot by farmers to schedule deliveries and share information about things like weather. Street traders can organize deliveries or materials much more easily. New social enterprises even allow homeowners to order water over SMS. Usage of cellphones is pretty pervasive.

The reason is this: these guys don't have any other way to organize or schedule things. A mobile phone can offer a lot of the benefits of a laptop with nearly none of the cost. 

It's just a case of making cellphones affordable, which they are now. Lots of old phones from the west are refurbished, and you would be surprised how cheap you can make a phone when usability and quality are put second to cost. Pretty much all the users at the bottom of the pyramid are PAYG, so topups are broken down more to the level of $1 and $.50, as microtransactions are needed when selling to the poor (an interesting side point is that a lot of shampoo is purchased in single serving sachets as they do not have the buying power to purchase a large bottle). Also handset costs are often subsidized.

Tldr; yes phones are pervasive in the third world but specialist carriers price them within their reach. They are surprisingly useful :)","a couple of specialist companies and social enterprises have been setup to target the ""bottom of the pyramid"" with razor thin margins made up with volume. cell phones are used a lot by farmers to schedule deliveries and share information about things like weather. street traders can organize deliveries or materials much more easily. new social enterprises even allow homeowners to order water over sms. usage of cellphones is pretty pervasive. the reason is this: these guys don't have any other way to organize or schedule things. a mobile phone can offer a lot of the benefits of a laptop with nearly none of the cost. it's just a case of making cellphones affordable, which they are now. lots of old phones from the west are refurbished, and you would be surprised how cheap you can make a phone when usability and quality are put second to cost. pretty much all the users at the bottom of the pyramid are payg, so topups are broken down more to the level of $1 and $.50, as microtransactions are needed when selling to the poor (an interesting side point is that a lot of shampoo is purchased in single serving sachets as they do not have the buying power to purchase a large bottle). also handset costs are often subsidized. ; yes phones are pervasive in the third world but specialist carriers price them within their reach. they are surprisingly useful :)"
topic_4,no_story,0.09037065505981445,"Uber is currently valued at 62.5 billion, while TSLA is valued at 31 billion. 

From this I would argue that uber has done amazing things and transformed the landscape. I agree they are a valuable and profitable company. In the end they hold nothing proprietary though. They don't own the cars, the drivers are not under contract, and really what they have is a widely used app and a fleet of drivers that choose to be with them. 

What if, you cut out the driver part? How much is that worth to Ubers valuation? To estimate at this I would say you could take the total value a driver could make expect to make, less cost of vehicle, maintenance, and gas. This new total would be the per driver added value that Uber would now pocket. Take that and multiply it by 24 hour cycle instead of 8-12 hours a human drives, and then multiply it by how many uber drivers they have. (Side note, this is all estimating, Uber actually could figure this out to the dollar) Now, you have the added value to Uber. 

Take that same scenario, but if you are Tesla. You must build the app (1000% doable), then start producing the cars that Uber already plans on buying but you don't sell to Uber you create your own fleet. This in turn allows you to achieve the same value add as the driver removal above, plus there will be cost savings on the gas and you already have regional distribution in place and maintenance. 

I hate typing on my phone. But this is my first thought when I looked up what Uber was up to in value... Downside.... This is a long ways off and Elon could fail. I just think that logically one of the 2 companies values are off if you take a 10 year view at it. I normally post to WSB but they don't like long term talk. 

TL;DR how would you capture the Delta in expected value between these two companies? I am up for discussion.","uber is currently valued at 62.5 billion, while tsla is valued at 31 billion. from this i would argue that uber has done amazing things and transformed the landscape. i agree they are a valuable and profitable company. in the end they hold nothing proprietary though. they don't own the cars, the drivers are not under contract, and really what they have is a widely used app and a fleet of drivers that choose to be with them. what if, you cut out the driver part? how much is that worth to ubers valuation? to estimate at this i would say you could take the total value a driver could make expect to make, less cost of vehicle, maintenance, and gas. this new total would be the per driver added value that uber would now pocket. take that and multiply it by 24 hour cycle instead of 8-12 hours a human drives, and then multiply it by how many uber drivers they have. (side note, this is all estimating, uber actually could figure this out to the dollar) now, you have the added value to uber. take that same scenario, but if you are tesla. you must build the app (1000% doable), then start producing the cars that uber already plans on buying but you don't sell to uber you create your own fleet. this in turn allows you to achieve the same value add as the driver removal above, plus there will be cost savings on the gas and you already have regional distribution in place and maintenance. i hate typing on my phone. but this is my first thought when i looked up what uber was up to in value... downside.... this is a long ways off and elon could fail. i just think that logically one of the 2 companies values are off if you take a 10 year view at it. i normally post to wsb but they don't like long term talk. how would you capture the delta in expected value between these two companies? i am up for discussion."
topic_5,story,0.7048551440238953,"Were you prompted to post this because of the A-plea-to-Gunnit-lets-all-jerk-eachother-off-and-learn-nothing-because-we-wanna-feel-good-inside post? Yeah, if you look at his activity that guy was quite the ass. You know, I'm inclined to agree with you, and I've only been a gunnitor for what 4 or 5 months? I've only just gotten into firearms seriously for 6, soaking up as much as I can about everything.

Believe it or not that criticism actually helps me learn more about which things (lets be honest) suck and which things don't.

Not too long ago I posted about purchasing my first firearm, an AK74. I was looking for a cheap project gun that I could play with. Most people gave it the thumbs up, etc. One guy didn't. He talked about how the non-chrome barrel was shit for corrosive and with only a couple hundred more dollars and a little extra time I could have picked up a chrome-lined much better quality AK. While that gun has served its purpose for what I wanted, maybe I should have been more patient, learned a bit more about my options and waited. I certainly would now. Luckily it wasn't too big of a deal because of the nature of the buy, but I'll still chalk it up to a bad decision.

I've learned a lot since then (still so much more to learn, and I'm loving every second of it- my head is swimming with all kinds of gun stuff) but what he said prompted me to look more into it, learn more of the nuances. My friends and family have never really been into guns. It was something I discovered on my own, and because of that it's a very self-fulfilling experience to become more knowledgeable. When someone says something obviously sucks and was a mistake, I learn from it, and try very hard not to make another.

So yeah, I don't want gunnit be become too soft on inexperience, because being criticized for fucking up is what makes you experienced. However, if this is not what you are talking about then just ignore this.

TL;DR Noobs (like me) should man up about hurt feelings, take the criticism, and stop being bitches about learning.
","were you prompted to post this because of the a-plea-to-gunnit-lets-all-jerk-eachother-off-and-learn-nothing-because-we-wanna-feel-good-inside post? yeah, if you look at his activity that guy was quite the ass. you know, i'm inclined to agree with you, and i've only been a gunnitor for what 4 or 5 months? i've only just gotten into firearms seriously for 6, soaking up as much as i can about everything. believe it or not that criticism actually helps me learn more about which things (lets be honest) suck and which things don't. not too long ago i posted about purchasing my first firearm, an ak74. i was looking for a cheap project gun that i could play with. most people gave it the thumbs up, etc. one guy didn't. he talked about how the non-chrome barrel was shit for corrosive and with only a couple hundred more dollars and a little extra time i could have picked up a chrome-lined much better quality ak. while that gun has served its purpose for what i wanted, maybe i should have been more patient, learned a bit more about my options and waited. i certainly would now. luckily it wasn't too big of a deal because of the nature of the buy, but i'll still chalk it up to a bad decision. i've learned a lot since then (still so much more to learn, and i'm loving every second of it- my head is swimming with all kinds of gun stuff) but what he said prompted me to look more into it, learn more of the nuances. my friends and family have never really been into guns. it was something i discovered on my own, and because of that it's a very self-fulfilling experience to become more knowledgeable. when someone says something obviously sucks and was a mistake, i learn from it, and try very hard not to make another. so yeah, i don't want gunnit be become too soft on inexperience, because being criticized for fucking up is what makes you experienced. however, if this is not what you are talking about then just ignore this. noobs (like me) should man up about hurt feelings, take the criticism, and stop being bitches about learning."
topic_5,story,0.3424302339553833,"Was writing some pretty long counter-argument, but I decided I actually like it. However, I think it should be fairly cheap to make, 5 LQ metal as you've mentioned seems pretty expensive. Imagine surviving solo for 1 hour: you have probably managed to get material for basic gun, some ammo and plenty of food. In current Rust geared players can't tell you if you're a fresh starter or someone playing for some time, maybe even a bandit, e.g. ( 

Now, some people would KOS you in either instance, some wouldn't because they'd think you're just a fresh starter who has nothing on him. Having some sexy mustache would give out information that you are in fact not a fresh player, but someone with a lot of valuable goods on him. Doubt anyone would let you live in this case. To try to survive with either begging or just acting new when geared players approach you (which is tactic used a lot of times, trust me, can't count how many times Rodrigo_PT literally cried over mic that he has nothing and he's new) you'd need to build razor blade fast and (depending on items it requires) sacrifice some other basic stuff. In your case, 5 low quality metal means ~1 revolver or (almost) halfway to 9mm pistol and shotgun. 

tl;dr: if implemented, materials should be fairly cheap to not force new players to rush building razor blade. ","was writing some pretty long counter-argument, but i decided i actually like it. however, i think it should be fairly cheap to make, 5 lq metal as you've mentioned seems pretty expensive. imagine surviving solo for 1 hour: you have probably managed to get material for basic gun, some ammo and plenty of food. in current rust geared players can't tell you if you're a fresh starter or someone playing for some time, maybe even a bandit, e.g. ( now, some people would kos you in either instance, some wouldn't because they'd think you're just a fresh starter who has nothing on him. having some sexy mustache would give out information that you are in fact not a fresh player, but someone with a lot of valuable goods on him. doubt anyone would let you live in this case. to try to survive with either begging or just acting new when geared players approach you (which is tactic used a lot of times, trust me, can't count how many times rodrigo_pt literally cried over mic that he has nothing and he's new) you'd need to build razor blade fast and (depending on items it requires) sacrifice some other basic stuff. in your case, 5 low quality metal means ~1 revolver or (almost) halfway to 9mm pistol and shotgun. : if implemented, materials should be fairly cheap to not force new players to rush building razor blade."
topic_5,story,0.2765078544616699,"Hi there guys. First of all I am new here so if I am breaking any rules please let me know. 

Now then, I have been on and off airsofting for years, and I am in the casual, having fun, getting friends together and shooting each other on the weekend category of airsofter. I always thought gas pistols were cool, but the last time I bought one, (the KJW Mk.1 GNBB), it broke after a couple months (which was really disappointing because it performed quite well for the time it did work). At this point me and my bro have some spring snipers and pistols and a couple AEGs (we are the main suppliers for those without guns) and I am feeling like a gas pistol would be a fun way to mix it up.  

Getting to the point I was hoping I could get some recommendations for a GBB handgun. My main requirement is durability and lifespan. I don't need something with extreme fps, and I don't want to shell out for the best of the best. My core necessary requirements are:

* Durable - a gun you have had for many years and still works great would be a big selling point to me
* reasonable fps - no less than say around 300 fps with .2g (350 would be about perfect) and too not much more (I really wouldn't want more than 400 fps because let's be honest here those super high power guns hurt like hell and it kills the let's go have fun atmosphere)
* reasonable price - lets put a cap around 150$ (although I could be convinced to go up to no more than around 200$
* Propane/Green Gas powered - (could be convinced otherwise because I don't know too much about gas guns, but I have the adapter thing for propane from my last gun and propane seems cheaper than CO2)

and really that is it. High mag cap and not being a complete gas hog would be nice too, but not really necessary. (I know GBB are much more so that GNBB, but the cool factor of the GBB outweighs my want in this case)

Thanks for any help, and sorry for the long post!

**TLDR; What is the best gas gun you would recommend for around or under 150$?**


","hi there guys. first of all i am new here so if i am breaking any rules please let me know. now then, i have been on and off airsofting for years, and i am in the casual, having fun, getting friends together and shooting each other on the weekend category of airsofter. i always thought gas pistols were cool, but the last time i bought one, (the kjw mk.1 gnbb), it broke after a couple months (which was really disappointing because it performed quite well for the time it did work). at this point me and my bro have some spring snipers and pistols and a couple aegs (we are the main suppliers for those without guns) and i am feeling like a gas pistol would be a fun way to mix it up. getting to the point i was hoping i could get some recommendations for a gbb handgun. my main requirement is durability and lifespan. i don't need something with extreme fps, and i don't want to shell out for the best of the best. my core necessary requirements are: durable - a gun you have had for many years and still works great would be a big selling point to me reasonable fps - no less than say around 300 fps with .2g (350 would be about perfect) and too not much more (i really wouldn't want more than 400 fps because let's be honest here those super high power guns hurt like hell and it kills the let's go have fun atmosphere) reasonable price - lets put a cap around 150$ (although i could be convinced to go up to no more than around 200$ propane/green gas powered - (could be convinced otherwise because i don't know too much about gas guns, but i have the adapter thing for propane from my last gun and propane seems cheaper than co2) and really that is it. high mag cap and not being a complete gas hog would be nice too, but not really necessary. (i know gbb are much more so that gnbb, but the cool factor of the gbb outweighs my want in this case) thanks for any help, and sorry for the long post! ; what is the best gas gun you would recommend for around or under 150$?"
topic_5,no_story,0.323672354221344,"FYI: 

*What is this you may ask?* An anti-gun subreddit was created and a mod there is taking pictures of people's gun collections here and posting them there and saying ""If this redditor snaps..."" implying that everyone on r/guns (and everyone that owns a gun, whether trained or otherwise) are all just crazy redneck gun nuts who would just go on a killing spree on a whim.

Just wanted to let you know, and this is a PSA account to inform people of this in case they were unaware their private property is being posted elsewhere on the site (which could potentially lead to them being targeted for theft, burglary, or robbery). That is very serious.  

Click my name to see more instances of this...

PS - If you have anything to say about Gabour, you are all welcome at /r/wehateguns - the anti-hoplophobe-extremist-proliferation Subreddit!

**tl;dr:** Anti-gun subreddit is posting your guns implying you could be a mass killer","fyi: what is this you may ask? an anti-gun subreddit was created and a mod there is taking pictures of people's gun collections here and posting them there and saying ""if this redditor snaps..."" implying that everyone on r/guns (and everyone that owns a gun, whether trained or otherwise) are all just crazy redneck gun nuts who would just go on a killing spree on a whim. just wanted to let you know, and this is a psa account to inform people of this in case they were unaware their private property is being posted elsewhere on the site (which could potentially lead to them being targeted for theft, burglary, or robbery). that is very serious. click my name to see more instances of this... ps - if you have anything to say about gabour, you are all welcome at /r/wehateguns - the anti-hoplophobe-extremist-proliferation subreddit! : anti-gun subreddit is posting your guns implying you could be a mass killer"
topic_5,no_story,0.2336231768131256,"I'm not being an ass.  I'm exercising my constitutional right in the only way I can.  I'm behaving as a law-abiding citizen.  You don't know jack shit about the laws here while I study a bound copy of my state legislature, in addition to excerpts from the municipal police officer's training commission.  Furthermore, I have contacted the ATF, the state police, the attorney general's office and the sheriff's department on various occasions to ensure that my understanding of the law as written was correct.

I regularly teach people about modern carry laws in enjoyable discussion, including FFLs so they don't spread antiquated misinformation when they're willing to discuss it.

I guarantee I have a more thorough understanding of gun laws than you, which is pretty fucking sad considering you're a cop.  You can have an opinion in opposition to OC as much as you want, but legally-speaking you're wrong.  That ""brandishing"" nonsense you keep repeating is just that:  nonsense.  There's no such thing as ""brandishing"" in PA.

[MPOETC -](  Municipal Police training manual.  Please read the top of the fourth page listed [Question #3].

[Title 18, Chapter 61, Subchapter A, ""The Pennsylvania Uniform Firearms Act of 1995"" -](  I invite you to read all relevant sections and prove me wrong.

TL;DR:  Fuck you.  You're part of the problem.","i'm not being an ass. i'm exercising my constitutional right in the only way i can. i'm behaving as a law-abiding citizen. you don't know jack shit about the laws here while i study a bound copy of my state legislature, in addition to excerpts from the municipal police officer's training commission. furthermore, i have contacted the atf, the state police, the attorney general's office and the sheriff's department on various occasions to ensure that my understanding of the law as written was correct. i regularly teach people about modern carry laws in enjoyable discussion, including ffls so they don't spread antiquated misinformation when they're willing to discuss it. i guarantee i have a more thorough understanding of gun laws than you, which is pretty fucking sad considering you're a cop. you can have an opinion in opposition to oc as much as you want, but legally-speaking you're wrong. that ""brandishing"" nonsense you keep repeating is just that: nonsense. there's no such thing as ""brandishing"" in pa. [mpoetc -]( municipal police training manual. please read the top of the fourth page listed [question #3]. [title 18, chapter 61, subchapter a, ""the pennsylvania uniform firearms act of 1995"" -]( i invite you to read all relevant sections and prove me wrong. : fuck you. you're part of the problem."
topic_5,no_story,0.19124622642993927,"Although some customers may turn away from the Gadsden background, I appreciate it. I would have pride in purchasing from a shop that is politically active about gun rights, especially in a restrictive state such as Illinois. The media has demonized the Gadsden flag and falsely labeled it for the flag of ignorent right wingers. The people that get butthurt over it just need to meet and talk to more people that proudly fly it below the American flag, as we are as freedom loving as Americans can get. And that's a fact, Jack! Now I don't know very much about photography, but I think it's a pretty picture lol. Don't be afraid of color in the background, plain white can get boring imo. 
Tl;dr: a lot of gun lovers won't get offended by this flag, especially those who understand it. Don't be afraid to use it, along with a ""come and take it"" or ""modern musket"". Hoo-rah!","although some customers may turn away from the gadsden background, i appreciate it. i would have pride in purchasing from a shop that is politically active about gun rights, especially in a restrictive state such as illinois. the media has demonized the gadsden flag and falsely labeled it for the flag of ignorent right wingers. the people that get butthurt over it just need to meet and talk to more people that proudly fly it below the american flag, as we are as freedom loving as americans can get. and that's a fact, jack! now i don't know very much about photography, but i think it's a pretty picture lol. don't be afraid of color in the background, plain white can get boring imo. : a lot of gun lovers won't get offended by this flag, especially those who understand it. don't be afraid to use it, along with a ""come and take it"" or ""modern musket"". hoo-rah!"
topic_6,story,0.38689443469047546,"So my usual [manual transmission] car for the past six months has one of those handy [auto-hold electronic brakes](  If you press the brake when or until the car stops moving, it holds you there until you accelerate away again.

This week the car's been in the bodyshop after someone hit it while parked at my flat, and I've got a Fiesta to use instead.  Great, I used to have one, it feels familiar.

This evening I came back, at the end of a long day, to find a nice big parking space outside the flat, it could probably just fit two cars.  I quickly reverse into it, happy to be able to park nearby, and decide to park at the slightly closer end which is at the top of a slight incline.  I listen to the end of the U2 track on the radio, turn off the engine and hop out.

I get one foot out, stand up, and put one hand on the door to close it.  It feels lighter than usual.

I turn around to see the car accelerating away, down towards a little black Clio.  I've never moved so fast as I did then - dropped my things, jumped back into the car, and yanked the handbrake up as hard as I could just before it ended up in the back of the next parked car.

I don't think I could have faced explaining how I crashed into my neighbour's car, while my own car was being repaired for parking damage!  Looking forward to the return of my 21st century technologies.

TLDR; not all cars automatically brake for you","so my usual [manual transmission] car for the past six months has one of those handy [auto-hold electronic brakes]( if you press the brake when or until the car stops moving, it holds you there until you accelerate away again. this week the car's been in the bodyshop after someone hit it while parked at my flat, and i've got a fiesta to use instead. great, i used to have one, it feels familiar. this evening i came back, at the end of a long day, to find a nice big parking space outside the flat, it could probably just fit two cars. i quickly reverse into it, happy to be able to park nearby, and decide to park at the slightly closer end which is at the top of a slight incline. i listen to the end of the u2 track on the radio, turn off the engine and hop out. i get one foot out, stand up, and put one hand on the door to close it. it feels lighter than usual. i turn around to see the car accelerating away, down towards a little black clio. i've never moved so fast as i did then - dropped my things, jumped back into the car, and yanked the handbrake up as hard as i could just before it ended up in the back of the next parked car. i don't think i could have faced explaining how i crashed into my neighbour's car, while my own car was being repaired for parking damage! looking forward to the return of my 21st century technologies. ; not all cars automatically brake for you"
topic_6,story,0.2663394510746002,"I used to ride , here's the story that made me quit.

I was crossing a two lane one way bridge with road construction on it crossing a pretty huge lake.  Traffic was pretty tight so there wasn't much moving room, and we were going 60 mph.  The left lane closes soon, so I open up some room in front of me to let a car in.  The next car behind him, a black escalade, decides he always wants to come over.  The problem is, I'm right next to him, my head is literraly 6 inches behind his and 5 feet over.  So now I have a choice.  I can go over the side of the bridge, and fall the 30 foot drop drop that entails, get smashed between the escalade and the wall, or try to get his attention.  I obviously made the 3rd choice.  I didn't want to risk him not hearing my horn, so I punched his car.  By this time he was already halfway into my lane, thankfully when I did that he looked around and finally saw me, then looked at me like I was in the wrong.  Shortly after that, I sold my bike because as much fun and enjoyment as I got from it, the danger involved aren't worth it for me.

Tl; dr almost got smashed by an escalade and punched it to chase it off.","i used to ride , here's the story that made me quit. i was crossing a two lane one way bridge with road construction on it crossing a pretty huge lake. traffic was pretty tight so there wasn't much moving room, and we were going 60 mph. the left lane closes soon, so i open up some room in front of me to let a car in. the next car behind him, a black escalade, decides he always wants to come over. the problem is, i'm right next to him, my head is literraly 6 inches behind his and 5 feet over. so now i have a choice. i can go over the side of the bridge, and fall the 30 foot drop drop that entails, get smashed between the escalade and the wall, or try to get his attention. i obviously made the 3rd choice. i didn't want to risk him not hearing my horn, so i punched his car. by this time he was already halfway into my lane, thankfully when i did that he looked around and finally saw me, then looked at me like i was in the wrong. shortly after that, i sold my bike because as much fun and enjoyment as i got from it, the danger involved aren't worth it for me. almost got smashed by an escalade and punched it to chase it off."
topic_6,story,0.24370098114013672,"I have spent the last 4 days scouring used car dealerships online, and I am completely overwhelmed. Then it hit me - Why not try asking reddit? I figured it was worth a shot.


Right now I drive a Ford Taurus station wagon, circa 2000 with 160,000+ miles. The insides are rusting out, and it is time to move on. Rest in peace, my little (big) car.

New (Used) Car Needs:

* Safety ratings need to be high. 
* Want something that is gas efficient.
* I am a short person, so driving a ""tall"" car makes me feel like I am about to topple over. But I am also used to the great space that a station wagon gives me. Though I don't need that much space, I would like something with decent trunk room.
* Automatic transmission 
* Made within the last 5-8 years
* Kelly Blue Book price under $20,000


There are a lot of choices with all of these qualifications... but what are your favorites and why? I would really appreciate the help!

TL;DR - Tell ignorant-about-cars-person what used car to purchase. 
","i have spent the last 4 days scouring used car dealerships online, and i am completely overwhelmed. then it hit me - why not try asking reddit? i figured it was worth a shot. right now i drive a ford taurus station wagon, circa 2000 with 160,000+ miles. the insides are rusting out, and it is time to move on. rest in peace, my little (big) car. new (used) car needs: safety ratings need to be high. want something that is gas efficient. i am a short person, so driving a ""tall"" car makes me feel like i am about to topple over. but i am also used to the great space that a station wagon gives me. though i don't need that much space, i would like something with decent trunk room. automatic transmission made within the last 5-8 years kelly blue book price under $20,000 there are a lot of choices with all of these qualifications... but what are your favorites and why? i would really appreciate the help! - tell ignorant-about-cars-person what used car to purchase."
topic_6,no_story,0.1348031461238861,"Since you are going there and I just came back a few days ago I felt like I could give you a few point I liked when I was there.

* **Rendezvous Bowl &amp; The Hobacks**

This was easily my favorite run when I was there. The bowl is vasily open is it an awesome feeling just to carve out the side of it. You can take the Rendezvous trail to get to the Hobacks and once there you feel like you are the only one there since it so vast with breathtaking view of the valley. There is almost alway going to be at least a patch of untouched snow but hope you get a snow dump before going since there are decent number of rocks that come up and have caught me. Not to mention it will be more fun as well. I personally like shredding down the gullies towards the end of them.

* **Casper &amp; Apres Vous Lift**

If you like nice groomed cruisers these lifts are where I had the most fun for them. Easy enough where I zip down the trails in no time at all. I loved the feeling of me just blazing through the intermediate runs at top speed and even the race course before they closed it off for the day. Just be careful of other skiers and boarder around you on these runs since it can get a bit crowded at times although when I went it was mostly open on the Apres Vous runs.

* **The Stash &amp; Terrain Parks** 

I am not much of a terrain park person but I don't mind the occasional small jump or box. The smallest stash park was closed when I went, and the ones that were open were beyond my abilities. I have been to the one in Killington before and I liked it, but the Stash parks here are pretty big and should be nice when they get more snow. In terms of regular terrain parks the biggest one is just off of the Eagle's Rest Lift and is just a typical mountain terrain park with large features. The Half Pipe wasn't open but should be once the get more snow. If you want small features, the Teewinot lift serves a beginner terrain park as well.

Also, I would talk to people you run in on the lift as most of the time they have a lot of information as what runs to do and even what to do in town as well. Have a fun time on your trip and enjoy the mountain.

**TL:DR** Rendezvous Bowl &amp; The Hobacks: Best Run, Casper and Apres Vous lift for best Cruisers, and Terrain Parks are mostly begin but should be fun if you are into them.","since you are going there and i just came back a few days ago i felt like i could give you a few point i liked when i was there. rendezvous bowl &amp; the hobacks this was easily my favorite run when i was there. the bowl is vasily open is it an awesome feeling just to carve out the side of it. you can take the rendezvous trail to get to the hobacks and once there you feel like you are the only one there since it so vast with breathtaking view of the valley. there is almost alway going to be at least a patch of untouched snow but hope you get a snow dump before going since there are decent number of rocks that come up and have caught me. not to mention it will be more fun as well. i personally like shredding down the gullies towards the end of them. casper &amp; apres vous lift if you like nice groomed cruisers these lifts are where i had the most fun for them. easy enough where i zip down the trails in no time at all. i loved the feeling of me just blazing through the intermediate runs at top speed and even the race course before they closed it off for the day. just be careful of other skiers and boarder around you on these runs since it can get a bit crowded at times although when i went it was mostly open on the apres vous runs. the stash &amp; terrain parks i am not much of a terrain park person but i don't mind the occasional small jump or box. the smallest stash park was closed when i went, and the ones that were open were beyond my abilities. i have been to the one in killington before and i liked it, but the stash parks here are pretty big and should be nice when they get more snow. in terms of regular terrain parks the biggest one is just off of the eagle's rest lift and is just a typical mountain terrain park with large features. the half pipe wasn't open but should be once the get more snow. if you want small features, the teewinot lift serves a beginner terrain park as well. also, i would talk to people you run in on the lift as most of the time they have a lot of information as what runs to do and even what to do in town as well. have a fun time on your trip and enjoy the mountain. rendezvous bowl &amp; the hobacks: best run, casper and apres vous lift for best cruisers, and terrain parks are mostly begin but should be fun if you are into them."
topic_6,no_story,0.11416000872850418,"To add to what d_valle said, in a rear wheel drive car you *have* to do that when the rear tires are on the limit because any jerk from the engine is going to break the traction of the rear tires - then you spin.  In other words, the tires were already using 100% of their traction capacity, the braking force of the engine when you downshift would put more energy into the tires than they can handle and you suddenly lose rear traction.  So you try to match the revs when you downshift so there are no sudden forces on the rear tires.  It's especially necessary in the NSX which is mid-engine and naturally rotation happy.

TL;DR: If he didn't do that the rear tires would lose traction and he'd spin.","to add to what d_valle said, in a rear wheel drive car you have to do that when the rear tires are on the limit because any jerk from the engine is going to break the traction of the rear tires - then you spin. in other words, the tires were already using 100% of their traction capacity, the braking force of the engine when you downshift would put more energy into the tires than they can handle and you suddenly lose rear traction. so you try to match the revs when you downshift so there are no sudden forces on the rear tires. it's especially necessary in the nsx which is mid-engine and naturally rotation happy. : if he didn't do that the rear tires would lose traction and he'd spin."
topic_6,no_story,0.1092367023229599,"You can buy 70C (less than 5 minutes to charge) LiPoly batteries right now.  They are expensive, around $100 for 5Ah 2S and if you were going to charge the whole bank of a car at that speed you would be looking at a crapton of electricity; the battery above would require 5Ax70 = 350A at whatever voltage is needed.  I do not know the specifics of the tesla batteries but i'm guessing that they use at least 50 of these, 100S, so that would be around 140kW of power needed to charge this.  He could also be talking about driving up on some large contacts that can charge without leaving the car, as opposed to pull up, open gas door, get out put in card, select fuel ...

tl;dr, it could be done, but it would be expensive and require crazy infrastructure.

edit:clarified some things.","you can buy 70c (less than 5 minutes to charge) lipoly batteries right now. they are expensive, around $100 for 5ah 2s and if you were going to charge the whole bank of a car at that speed you would be looking at a crapton of electricity; the battery above would require 5ax70 = 350a at whatever voltage is needed. i do not know the specifics of the tesla batteries but i'm guessing that they use at least 50 of these, 100s, so that would be around 140kw of power needed to charge this. he could also be talking about driving up on some large contacts that can charge without leaving the car, as opposed to pull up, open gas door, get out put in card, select fuel ... , it could be done, but it would be expensive and require crazy infrastructure. edit:clarified some things."
topic_7,story,0.5240399837493896,"Let me star by saying that I’m not a young fid at sci-fi and fantasy world, I have read most of the classics and I consider myself to be a hard to impress guy where books are concerned, that being said:

WOW!

Anathem blew my mind!

Let me start talking about the structure and, as the title explicitly tells you, there will be massive spoilers ahead. Structure-wise this wonderful book builds up a massive world with its own story and in a funny way it tricked me into thinking that I was reading about future earth…

Oh boy, was I wrong!

It got me from the start, charismatic main character and well paced story, weaved with science concepts well explained and exposed, so, structure: Builds a world, introduces a strange-but-somewhat-familiar society and you start to think “Well, this is going to be like this, an adventure revolving around these people.”
That was my first mistake because right when I was madly in love with Orolo, Neal kills him! Not really but you get my point… And after killing him, surprise, we are starting to talk about aliens!

So things got strange, this should be an adventure on a strange land, no need for aliens right? Yeah, right, and turns out the aliens were not from another planet, they were from another dimension!

Long story short, Orolo dies again and we discover things, and, by this point I was starting to think that maybe, only maybe, the thousanders could change reality. Turns out they could live other realities (correct me if I’m wrong here).
So, structure introduces you themes and change them while story is unfolding! (Here I should say that Neal Stephenson is a bold writer! See Seveneves and watch thousands of years gap unfold a lovely conclusion!)

And the story is a masterpiece! Funded by not only hard sci-fi but using string theory and correctly connecting narratives with sounds and chants, deriving Arbre from a perfect Platonic world should give him a prize! Can’t think of any other book that exposed so many philosophic and scientific themes as elegantly as this one, a true masterpiece!

TL,DR

After Anathem, I don’t think any other book will be as good… Any sugestions?","let me star by saying that i’m not a young fid at sci-fi and fantasy world, i have read most of the classics and i consider myself to be a hard to impress guy where books are concerned, that being said: wow! anathem blew my mind! let me start talking about the structure and, as the title explicitly tells you, there will be massive spoilers ahead. structure-wise this wonderful book builds up a massive world with its own story and in a funny way it tricked me into thinking that i was reading about future earth… oh boy, was i wrong! it got me from the start, charismatic main character and well paced story, weaved with science concepts well explained and exposed, so, structure: builds a world, introduces a strange-but-somewhat-familiar society and you start to think “well, this is going to be like this, an adventure revolving around these people.” that was my first mistake because right when i was madly in love with orolo, neal kills him! not really but you get my point… and after killing him, surprise, we are starting to talk about aliens! so things got strange, this should be an adventure on a strange land, no need for aliens right? yeah, right, and turns out the aliens were not from another planet, they were from another dimension! long story short, orolo dies again and we discover things, and, by this point i was starting to think that maybe, only maybe, the thousanders could change reality. turns out they could live other realities (correct me if i’m wrong here). so, structure introduces you themes and change them while story is unfolding! (here i should say that neal stephenson is a bold writer! see seveneves and watch thousands of years gap unfold a lovely conclusion!) and the story is a masterpiece! funded by not only hard sci-fi but using string theory and correctly connecting narratives with sounds and chants, deriving arbre from a perfect platonic world should give him a prize! can’t think of any other book that exposed so many philosophic and scientific themes as elegantly as this one, a true masterpiece! tl,dr after anathem, i don’t think any other book will be as good… any sugestions?"
topic_7,story,0.4621107280254364,"I want to reface this with a statement: I have never read or been into comics before and so if I say some cringe worthy statements, please keep that in mind. This is my first experience with comics. 

So I recently went to a flea market and picked up a compilation book by marvel, The Essential Punisher vol 1. It mainly consists of early appearances of The Punisher in Spider-Man, Daredevil, and so on. This read really turned me onto comics and I'd really like to know, is this the way to start on a series? There are no comic book stores in my area so the only way for me to acquire comics would be from an online source. Through some quick searches I can see most comics have compilation of books of some kind or another. Are these books good ways to start on a character or is there something better. 

Now more specifically after reading the Punisher book I recently picked up I'd love to see the other side of the comic world, DC. Where would a person start to look for Jonah Hex stuff. Is there a certain something I should look for. What do YOU recommend?

tl;dr I read some Punisher, now where do I start with Jonah Hex?



EDIT: For a bonus, if I wanted to read Deadpool or Green Hornet, where do I start with those. The more comics the merrier.","i want to reface this with a statement: i have never read or been into comics before and so if i say some cringe worthy statements, please keep that in mind. this is my first experience with comics. so i recently went to a flea market and picked up a compilation book by marvel, the essential punisher vol 1. it mainly consists of early appearances of the punisher in spider-man, daredevil, and so on. this read really turned me onto comics and i'd really like to know, is this the way to start on a series? there are no comic book stores in my area so the only way for me to acquire comics would be from an online source. through some quick searches i can see most comics have compilation of books of some kind or another. are these books good ways to start on a character or is there something better. now more specifically after reading the punisher book i recently picked up i'd love to see the other side of the comic world, dc. where would a person start to look for jonah hex stuff. is there a certain something i should look for. what do you recommend? i read some punisher, now where do i start with jonah hex? edit: for a bonus, if i wanted to read deadpool or green hornet, where do i start with those. the more comics the merrier."
topic_7,story,0.2779322862625122,"I'm a PhD student in mechanical engineering for context. It starts out very general, you spend a year or two really just catching up on literature since, you know, your advisor has been along for the ride for about 30 years so comparatively you're an academic infant. So you read a paper which answers questions, but also creates more questions for you.  But that's ok and is par for the course, so you look up more papers which answer those questions, and this cycle repeats itself for your entire career/life. Pretty much the more you learn, you realize the less you really know. At some point you will have a question about how something works because maybe the paper was confusing or not thorough, or you think, ""why didn't they do this?"" but THIS time... this magical time, you find there is no further information on the topic. But it's a good thing you spent the past two 2 years catching up on it,  and now hopefully you can try and answer the question yourself. But now is where it gets good, because before now you read others papers to get answers, which  lead to more questions.  Now it's your own set of questions and answers that will drive the field. And now you're an academic teenager, and as the babies come to the lab to try and be a part of the work, YOUR papers are what they reading to catch up to the current state of things. Ultimately, some people catch on quick and you're like ::these smarty pants bastards:: but many never even get to that part and will go to a masters degree route instead, because the only way to get a PhD is really discovering something previously unknown through creativity and a lot of critical thinking. I am more typical I think and would say after about 6-12 months starting asking questions that didn't have really well worked out answers, and that's when the real work begins! I think this diagram is a perfect explanation of how it goes 



Tl;Dr:  you might not be a creative person, I don't know, but neither will you until you've really been in grad school for a year or two as it takes time to push out that bubble of knowledge. 



","i'm a phd student in mechanical engineering for context. it starts out very general, you spend a year or two really just catching up on literature since, you know, your advisor has been along for the ride for about 30 years so comparatively you're an academic infant. so you read a paper which answers questions, but also creates more questions for you. but that's ok and is par for the course, so you look up more papers which answer those questions, and this cycle repeats itself for your entire career/life. pretty much the more you learn, you realize the less you really know. at some point you will have a question about how something works because maybe the paper was confusing or not thorough, or you think, ""why didn't they do this?"" but this time... this magical time, you find there is no further information on the topic. but it's a good thing you spent the past two 2 years catching up on it, and now hopefully you can try and answer the question yourself. but now is where it gets good, because before now you read others papers to get answers, which lead to more questions. now it's your own set of questions and answers that will drive the field. and now you're an academic teenager, and as the babies come to the lab to try and be a part of the work, your papers are what they reading to catch up to the current state of things. ultimately, some people catch on quick and you're like ::these smarty pants bastards:: but many never even get to that part and will go to a masters degree route instead, because the only way to get a phd is really discovering something previously unknown through creativity and a lot of critical thinking. i am more typical i think and would say after about 6-12 months starting asking questions that didn't have really well worked out answers, and that's when the real work begins! i think this diagram is a perfect explanation of how it goes : you might not be a creative person, i don't know, but neither will you until you've really been in grad school for a year or two as it takes time to push out that bubble of knowledge."
topic_7,no_story,0.22925791144371033,"I recently discovered this sub-reddit and really love the stuff you guys have going on here.  I just had a couple quick questions.  First off I have a pretty solid life in general and don't have much to complain about but I feel that meditation is good for everyone no matter what.  The only reason I mention this is that most of the stuff I have read focuses on people who have stressful lives or chronic pain or just lots of troubles in general.  So finally to my questions....

* What type of meditation would you suggest for someone who is generally pretty happy and relaxed already?

And on a slightly unrelated note...

*  The few times that I have meditated I have used a method I read in a fantasy book probably 8 years ago.  I just picture a flame or fire in my mind and just feed everything in to it until there is nothing left but the flame.  What kind of meditation would that be considered and is it actually a good meditation technique or do I need to read better books?

__________________________________________________________

tl;dr - Main question is what is a good beginning meditation technique for someone who is generally pretty stress-free and relaxed/happy to begin with?",i recently discovered this sub-reddit and really love the stuff you guys have going on here. i just had a couple quick questions. first off i have a pretty solid life in general and don't have much to complain about but i feel that meditation is good for everyone no matter what. the only reason i mention this is that most of the stuff i have read focuses on people who have stressful lives or chronic pain or just lots of troubles in general. so finally to my questions.... what type of meditation would you suggest for someone who is generally pretty happy and relaxed already? and on a slightly unrelated note... the few times that i have meditated i have used a method i read in a fantasy book probably 8 years ago. i just picture a flame or fire in my mind and just feed everything in to it until there is nothing left but the flame. what kind of meditation would that be considered and is it actually a good meditation technique or do i need to read better books? __________________________________________________________ - main question is what is a good beginning meditation technique for someone who is generally pretty stress-free and relaxed/happy to begin with?
topic_7,no_story,0.1420072317123413,"So I'm stopping by reddit (lurker, first time posting) to see if those with insight can answer/help/laugh at me as a pose this question: What/where can I get some fast training in database design/modeling and SQL? or If you were forced to work with someone in my situation, what would you like me to have under my belt so that your desire to murder me midway thru a meeting is somewhat restrained.

Situation: Medium size company, couple of SQL databases on the backend that drive about 8 or so existing front end web applications that everyone touches at least once in the business processes. Me, an affinity for this type of computer stuff, skill on a scale of 1-Ninja, I'd say a 3. I can't build it all yet, but I can break it pretty fast.

TL;DR - What's the fastest way to become a competent DBA now that I am one in title only at my job?

EDIT - Thank you all for your comments. I've got a list now. Tomorrow I'll start by requesting help until I'm fully trained, second I'll investigate the role/title change compensation factor. Lastly, I'll begin with the book list and start petitioning for some structured DB training from Oracle or MS. (I believe we have both as corporate vendors) Thanks again, Now into the maw...","so i'm stopping by reddit (lurker, first time posting) to see if those with insight can answer/help/laugh at me as a pose this question: what/where can i get some fast training in database design/modeling and sql? or if you were forced to work with someone in my situation, what would you like me to have under my belt so that your desire to murder me midway thru a meeting is somewhat restrained. situation: medium size company, couple of sql databases on the backend that drive about 8 or so existing front end web applications that everyone touches at least once in the business processes. me, an affinity for this type of computer stuff, skill on a scale of 1-ninja, i'd say a 3. i can't build it all yet, but i can break it pretty fast. - what's the fastest way to become a competent dba now that i am one in title only at my job? edit - thank you all for your comments. i've got a list now. tomorrow i'll start by requesting help until i'm fully trained, second i'll investigate the role/title change compensation factor. lastly, i'll begin with the book list and start petitioning for some structured db training from oracle or ms. (i believe we have both as corporate vendors) thanks again, now into the maw..."
topic_7,no_story,0.10577309131622314,"Yep, this happens.

I find it happens the most when I know exactly what it is I should be doing. I know the gist of what I want to write, I know the experiments I should run, I know what result I'm looking for, and for some reason I just don't do anything. Sure, I'll make some grammatical or stylistic changes to a paper, or I'll start running some code that will take hours to get results, and then I'll just ""take a quick break"" that turns into browsing reddit for 4 hours.

Before I know it I'm getting hungry, so I save my ""work"" and go home, cook dinner, have some beer, watch some netflix, hang out with friends, go for a run... meanwhile, I can almost *feel* the work that needs doing, camped out in my brain like a needy ex that just won't leave me alone.

Anyway, I digress. Honestly, the best way that I've found to deal with this situation is to give in to the procrastination fully and just completely ignore work for a while. As lateralus555 says, external motivation can be tough to come by. The benefit of this is that you can often set your own hours and do what you think needs doing. 

Which do you think your PI would prefer: you coming to the lab and putting in face time for a week, all the while accomplishing little and feeling depressed, demotivated, and guilty? Or would it be better for you to take a day or two to yourself to do something completely unrelated to work, and then spend the rest of the week refreshed and ready for action?

I can't guarantee that this will work for everyone, or even be an option for everyone, but I find that it's the only thing that helps. I actually just went through this recently, and spent the entire day lying on the couch reading Hugh Howey novels. It was glorious.

The other thing that's great for motivation is attending conferences. It's a combination between taking a break and getting excited about your work, and it's probably seen more favourably than just flaking out for a few days. Bit more lead time required though...

**TL;DR: take a break and do something that you love that's unrelated to your degree.**","yep, this happens. i find it happens the most when i know exactly what it is i should be doing. i know the gist of what i want to write, i know the experiments i should run, i know what result i'm looking for, and for some reason i just don't do anything. sure, i'll make some grammatical or stylistic changes to a paper, or i'll start running some code that will take hours to get results, and then i'll just ""take a quick break"" that turns into browsing reddit for 4 hours. before i know it i'm getting hungry, so i save my ""work"" and go home, cook dinner, have some beer, watch some netflix, hang out with friends, go for a run... meanwhile, i can almost feel the work that needs doing, camped out in my brain like a needy ex that just won't leave me alone. anyway, i digress. honestly, the best way that i've found to deal with this situation is to give in to the procrastination fully and just completely ignore work for a while. as lateralus555 says, external motivation can be tough to come by. the benefit of this is that you can often set your own hours and do what you think needs doing. which do you think your pi would prefer: you coming to the lab and putting in face time for a week, all the while accomplishing little and feeling depressed, demotivated, and guilty? or would it be better for you to take a day or two to yourself to do something completely unrelated to work, and then spend the rest of the week refreshed and ready for action? i can't guarantee that this will work for everyone, or even be an option for everyone, but i find that it's the only thing that helps. i actually just went through this recently, and spent the entire day lying on the couch reading hugh howey novels. it was glorious. the other thing that's great for motivation is attending conferences. it's a combination between taking a break and getting excited about your work, and it's probably seen more favourably than just flaking out for a few days. bit more lead time required though... : take a break and do something that you love that's unrelated to your degree."
topic_8,story,0.6735957860946655,"After failing to stay awake for the main event on Saturday (it would've finished at 7am here) I had to wait for the usual very legitimate (ahem) sources of replays to download.  I woke up and as per usual logged out of twitter on my phone and laptop just to make sure that I didn't forget and check them accidently.  I then opened up reddit and was greeted by a couple of threads from the supposedly spoiler free /r/mma which pretty much gave away the result of the main event and kind of ruined my watching of it.  

Obviously I didn't know the exact details but from titles of threads such as 'Round 5 of last night's main event ..', and various mentions of contentious decisions gave away that a) it went five rounds (which ruined GSP nearly being finished in round 2) and b) made it obvious by the end of round four that GSP won by terrible decision.

Now I'm not trying to say that people shouldn't be allowed to discuss the event at all, the few times I've stayed up for events I've really enjoyed the post-fight conversation on here.  In preemptive reply to the few who will castigate me for whining, I'm more than happy to stay off reddit if needs be but then what's the point in the no spoiler rule in the first place?  What I'm suggesting is that within the 36 hour period after an event we either stick rigorously to the no spoilers rule or not bother with it at all.  

If we go with the former, then I'd suggest something like discussion threads for each fight with just the names of the fighters, then all the images you want to post and all the talk goes in that thread for the 36 hour period.  Also a counter after each major event saying when open discussion is allowed might be helpful.

**tl;dr: Subtle spoilers from names of /r/mma threads *on my front page* ruined my watching of GSP v Hendricks, what can we do to stop this from happening?**","after failing to stay awake for the main event on saturday (it would've finished at 7am here) i had to wait for the usual very legitimate (ahem) sources of replays to download. i woke up and as per usual logged out of twitter on my phone and laptop just to make sure that i didn't forget and check them accidently. i then opened up reddit and was greeted by a couple of threads from the supposedly spoiler free /r/mma which pretty much gave away the result of the main event and kind of ruined my watching of it. obviously i didn't know the exact details but from titles of threads such as 'round 5 of last night's main event ..', and various mentions of contentious decisions gave away that a) it went five rounds (which ruined gsp nearly being finished in round 2) and b) made it obvious by the end of round four that gsp won by terrible decision. now i'm not trying to say that people shouldn't be allowed to discuss the event at all, the few times i've stayed up for events i've really enjoyed the post-fight conversation on here. in preemptive reply to the few who will castigate me for whining, i'm more than happy to stay off reddit if needs be but then what's the point in the no spoiler rule in the first place? what i'm suggesting is that within the 36 hour period after an event we either stick rigorously to the no spoilers rule or not bother with it at all. if we go with the former, then i'd suggest something like discussion threads for each fight with just the names of the fighters, then all the images you want to post and all the talk goes in that thread for the 36 hour period. also a counter after each major event saying when open discussion is allowed might be helpful. : subtle spoilers from names of /r/mma threads on my front page ruined my watching of gsp v hendricks, what can we do to stop this from happening?"
topic_8,story,0.25036633014678955,"Many years ago, I worked at a major video rental chain for a while. My most memorable experience was with a customer I'll refer to as Amityville Guy.

AG walks up with a friendly, non-predatory smile, and places some random horror dvds on the counter, as well as his membership card. He looks average, mid-thirties. This conversation occurs as I am scanning his items:

&gt;AG: Did you know that they're making a new film about *Amityville Horror*?

&gt;Me: Oh really? I've always preferred the original to the remake - it relied less on special effects and more on James Brolin's performance.

&gt;AG: Oh, so you're an *Amityville* fan too, huh?

&gt;Me (shrugging): I guess so.

&gt;AG: We should be boyfriend and girlfriend.

I was obviously taken aback, but I didn't want to hurt his feelings, so I respond with a light chuckle as I finish ringing him up and hand him his things.

&gt;Me: I'm sorry, but I'm taken.

&gt;AG: That's okay, I get that a lot. I think you're too young for me anyway. How old are you?

&gt;Me: How old do you think I am?

&gt;AG: You're twenty.
(Less of a guess and more of a fact.)

&gt;Me: Ah-huh.

&gt;AG: Yeah, I'm 34, I'm too old for you.

He walked out without saying anything else. I thought that was the last of him, but then a week or so later he came back with a binder full of blurry screengrabs from some *Amityville* dvds and spin-offs, with his own commentary about how the original images he printed ""have since been lost or destroyed."" 

In retrospect he probably has some kind of high-functioning autism. Really nice guy though - I hope he's found someone who loves *Amityville Horror* as much as he does.


**TL;DR: A friendly man wished to go steady with me because we both kinda like *Amityville Horror*. He also has an extensive collection of fuzzy screencaps.** ","many years ago, i worked at a major video rental chain for a while. my most memorable experience was with a customer i'll refer to as amityville guy. ag walks up with a friendly, non-predatory smile, and places some random horror dvds on the counter, as well as his membership card. he looks average, mid-thirties. this conversation occurs as i am scanning his items: &gt;ag: did you know that they're making a new film about amityville horror? &gt;me: oh really? i've always preferred the original to the remake - it relied less on special effects and more on james brolin's performance. &gt;ag: oh, so you're an amityville fan too, huh? &gt;me (shrugging): i guess so. &gt;ag: we should be boyfriend and girlfriend. i was obviously taken aback, but i didn't want to hurt his feelings, so i respond with a light chuckle as i finish ringing him up and hand him his things. &gt;me: i'm sorry, but i'm taken. &gt;ag: that's okay, i get that a lot. i think you're too young for me anyway. how old are you? &gt;me: how old do you think i am? &gt;ag: you're twenty. (less of a guess and more of a fact.) &gt;me: ah-huh. &gt;ag: yeah, i'm 34, i'm too old for you. he walked out without saying anything else. i thought that was the last of him, but then a week or so later he came back with a binder full of blurry screengrabs from some amityville dvds and spin-offs, with his own commentary about how the original images he printed ""have since been lost or destroyed."" in retrospect he probably has some kind of high-functioning autism. really nice guy though - i hope he's found someone who loves amityville horror as much as he does. : a friendly man wished to go steady with me because we both kinda like amityville horror. he also has an extensive collection of fuzzy screencaps."
topic_8,story,0.15861381590366364,"Alright so this happened over the summer but that was before I got into reddit, and I just told the story on another thread and got heated again so I thought I'd actually post it.

I think I had some of the worst customer service ever with Koastal Longboards, me and 3 of my friends ordered longboards at the beginning of the summer, on the website it said that they would ship out somewhere around 2 weeks after our order, this was their big closing sale. Anyways, a month goes by, still no board, and not a word from them, so I call then and they say ya they're on back order and the boards will ship out next week, alright I can understand that, I'm frustrated but whatever, I'll get my board, well a few more weeks go by and still, no board, no word from them, so I call again, and I get another ""in a week"", so now I'm really getting pissed off but I want the board and its only another week so I wait. Then a notification comes up on their website, the drifters(the board I ordered) will ship out at the beginning of October, I ordered it like July 28th, waited all of August and now September, 2 months of ""oh next week"" and FINALLY I get a date. Well it gets better, they didn't ship out then, no it still didn't come then, so I called again and well this time I got an apology, and I asked if there would be any compensation for this wait, nope not even a free set of trucks, in total I finally get the board THREE MONTHS after I ordered it, no compensation, nothing. But wait theres more! As I said earlier, me and three other friends ordered this board, and one of them got it a month after ordering, and on the bottom there was a long Koastal logo and a design. Mine and my two other friend's were blank, totally blank, not only did they take three months, they didn't even finish my board.

tl;dr took 3 months for Koastal to send me my board, and they didnt even finish it","alright so this happened over the summer but that was before i got into reddit, and i just told the story on another thread and got heated again so i thought i'd actually post it. i think i had some of the worst customer service ever with koastal longboards, me and 3 of my friends ordered longboards at the beginning of the summer, on the website it said that they would ship out somewhere around 2 weeks after our order, this was their big closing sale. anyways, a month goes by, still no board, and not a word from them, so i call then and they say ya they're on back order and the boards will ship out next week, alright i can understand that, i'm frustrated but whatever, i'll get my board, well a few more weeks go by and still, no board, no word from them, so i call again, and i get another ""in a week"", so now i'm really getting pissed off but i want the board and its only another week so i wait. then a notification comes up on their website, the drifters(the board i ordered) will ship out at the beginning of october, i ordered it like july 28th, waited all of august and now september, 2 months of ""oh next week"" and finally i get a date. well it gets better, they didn't ship out then, no it still didn't come then, so i called again and well this time i got an apology, and i asked if there would be any compensation for this wait, nope not even a free set of trucks, in total i finally get the board three months after i ordered it, no compensation, nothing. but wait theres more! as i said earlier, me and three other friends ordered this board, and one of them got it a month after ordering, and on the bottom there was a long koastal logo and a design. mine and my two other friend's were blank, totally blank, not only did they take three months, they didn't even finish my board. took 3 months for koastal to send me my board, and they didnt even finish it"
topic_8,no_story,0.17425301671028137,"Depends on how aggressive the sales rep is, but mostly how aggressive you are. Sometimes when I'm on the phone or emailing with someone for months, I really do want to meet them and see what the look like. (If we haven't already facebook stalked.)

For some members of my team it's a perk they really like so they'll try and set up lunches and go out once a week. I prefer once every other or three weeks. It takes a solid two hours out of your day. I have gotten very good at lunch conversation, though. And for the most part the sales reps are very fun and normal people, so it's never awkward.

I've been to some concerts with reps, Broadway shows, and sporting events. It's probably more frequent than other fields, but the perks are not unique to the industry. 

TL;DR: Once every two weeks. The average is probably once every week for most others.","depends on how aggressive the sales rep is, but mostly how aggressive you are. sometimes when i'm on the phone or emailing with someone for months, i really do want to meet them and see what the look like. (if we haven't already facebook stalked.) for some members of my team it's a perk they really like so they'll try and set up lunches and go out once a week. i prefer once every other or three weeks. it takes a solid two hours out of your day. i have gotten very good at lunch conversation, though. and for the most part the sales reps are very fun and normal people, so it's never awkward. i've been to some concerts with reps, broadway shows, and sporting events. it's probably more frequent than other fields, but the perks are not unique to the industry. : once every two weeks. the average is probably once every week for most others."
topic_8,no_story,0.11497054994106293,"I think the first episode is DEFINITELY important. It's the one which will introduce most people to the series. I think people definitely won't watch the rest of the LP if they're not interested. They'll most likely try to find another commentator that's LPing the game. 

However, I don't think it's necessarily a matter of the first part being good, but the first few minutes being enthusiastic, to the point, and full of heart or good humor. If it's the first part, and people found it either through search results or related videos, they're most likely going to make their decision after the first few minutes, because they know that they could very easily just leave your video and head to another one within a few seconds.

tl;dr - So to answer your question, yes I do think people would stop watching, but I think it's a bit more complicated than just whether or not the first part is good.","i think the first episode is definitely important. it's the one which will introduce most people to the series. i think people definitely won't watch the rest of the lp if they're not interested. they'll most likely try to find another commentator that's lping the game. however, i don't think it's necessarily a matter of the first part being good, but the first few minutes being enthusiastic, to the point, and full of heart or good humor. if it's the first part, and people found it either through search results or related videos, they're most likely going to make their decision after the first few minutes, because they know that they could very easily just leave your video and head to another one within a few seconds. - so to answer your question, yes i do think people would stop watching, but i think it's a bit more complicated than just whether or not the first part is good."
topic_8,no_story,0.0744650587439537,"This episode was extremely disappointing. Except for Conversation Bingo and Chang's Meta Puppet, nothing felt original or worthy of even a smile.

Music: Unlike Abed's Unforgettable Christmas or Regional Holiday Music, none of their songs were catchy or clever. They were just sing along plot progressors. There wasn't a single joke in either of the two songs - we're flying a hot air balloon and revealing secrets.

Plot: Ok - Muppets go on adventures, so a muppet adventure trope could be cool. But their adventure doesn't go anywhere and isn't clever. I love drug humor (Cheech and Chong, Harold and Kumar, Pineapple Express) but it doesn't fit with Muppets, or usually, Community, which generally prefers to mock genres than follow them straight (Ie. When Pierce plays the hero Marijuana and Chang has to save the kids by acting crazy cannabis.)

Secrets: Nothing that affects the character's development or relationships, which is key to any big reveals. The characters even say as much. This could have been a really cool time to explore Shirley's past troubles. Troy's comes out of nowhere, as does Annie's. Could Troy really burn down 50,000 acres, burning anthills, without any trouble? Doesn't that blacken our opinion of him as the most awesome representation of childhood fun? And isn't Annie's whole cute innocence dependent on her not being slutty? If Chevy doesn't have Eartha Kitt, which was one of his most memorable and oft repeated lines, then he really does have nothing. It's like how South Park totally defamed Chef when he left the show.

Opening: Literally nothing.

Tag: I think this is the first time the show actually took us into our world. That really pissed me off. I love watching behind the scenes and interviews, but searching for them afterwards. If you include it in your tight 22 minute block, it tells me you have doubts I'll want to look it up later (which for this episode, I definitely do) and that you weren't clever to fit a bit into the show, which, in an episode with no laughs and only two smiles, is again true.

Misc: Garrett's panic lead to nothing. Oh fire? Let's not follow that up at all. Not even with screaming kids or flames in the background as they learn to love each other again. That could've been fun. Magnitude's popularity reused, Dean's obsession with Jeff reused, Dean's costume change reused, Chang's ""Don't trust him"" unnoticed. It's like the writers figure they need to keep the universe active but forget the #1 rule of storytelling: every line must either progress character development or plot, or be funny. Preferably both. When the line does neither, it should get cut. By that standard, most of this episode should have been cut in the writers room. The first two seasons of community held carefully to it, and the third season made up for many poor lines with tons of experimentation. But all we got here was rehashes and character betrayals.

tl;dr Musical numbers, adventures, and secrets are all ingredients for greatness. This episode crashed on all three. 

  ","this episode was extremely disappointing. except for conversation bingo and chang's meta puppet, nothing felt original or worthy of even a smile. music: unlike abed's unforgettable christmas or regional holiday music, none of their songs were catchy or clever. they were just sing along plot progressors. there wasn't a single joke in either of the two songs - we're flying a hot air balloon and revealing secrets. plot: ok - muppets go on adventures, so a muppet adventure trope could be cool. but their adventure doesn't go anywhere and isn't clever. i love drug humor (cheech and chong, harold and kumar, pineapple express) but it doesn't fit with muppets, or usually, community, which generally prefers to mock genres than follow them straight (ie. when pierce plays the hero marijuana and chang has to save the kids by acting crazy cannabis.) secrets: nothing that affects the character's development or relationships, which is key to any big reveals. the characters even say as much. this could have been a really cool time to explore shirley's past troubles. troy's comes out of nowhere, as does annie's. could troy really burn down 50,000 acres, burning anthills, without any trouble? doesn't that blacken our opinion of him as the most awesome representation of childhood fun? and isn't annie's whole cute innocence dependent on her not being slutty? if chevy doesn't have eartha kitt, which was one of his most memorable and oft repeated lines, then he really does have nothing. it's like how south park totally defamed chef when he left the show. opening: literally nothing. tag: i think this is the first time the show actually took us into our world. that really pissed me off. i love watching behind the scenes and interviews, but searching for them afterwards. if you include it in your tight 22 minute block, it tells me you have doubts i'll want to look it up later (which for this episode, i definitely do) and that you weren't clever to fit a bit into the show, which, in an episode with no laughs and only two smiles, is again true. misc: garrett's panic lead to nothing. oh fire? let's not follow that up at all. not even with screaming kids or flames in the background as they learn to love each other again. that could've been fun. magnitude's popularity reused, dean's obsession with jeff reused, dean's costume change reused, chang's ""don't trust him"" unnoticed. it's like the writers figure they need to keep the universe active but forget the #1 rule of storytelling: every line must either progress character development or plot, or be funny. preferably both. when the line does neither, it should get cut. by that standard, most of this episode should have been cut in the writers room. the first two seasons of community held carefully to it, and the third season made up for many poor lines with tons of experimentation. but all we got here was rehashes and character betrayals. musical numbers, adventures, and secrets are all ingredients for greatness. this episode crashed on all three."
topic_9,story,0.5431318879127502,"...well, I still don't. That said, do I ever have a story for you, r/gamecollecting.

I checked out a game store at a nearby mall today. They had, much to my surprise, a copy of Zombie Nation for NES. It's a really rare one, near the top of my wishlist, and I'd never seen a copy in the wild before. The asking price? $200. Quite a bit above the [eBay average](

I'm not a fan of haggling at game stores. I expect to pay a bit more than online prices, even at better stores, because I know they need to keep the lights on and all that. That said, the guy I was working with seemed unusually desperate to close the deal with this. $200 wasn't going to do it, so I asked what his bottom dollar was.

This went on for a while, and he ultimately asked what price I had in mind. I noted that eBay prices were sitting between $140 and $150, though I understood that they had to make a profit and all that.

He then said, and I quote, ""okay then, how about $120?""

You can probably guessed [what happened next](

tl;dr: While haggling isn't always a great idea, sometimes a store will do all the haggling for you.","...well, i still don't. that said, do i ever have a story for you, r/gamecollecting. i checked out a game store at a nearby mall today. they had, much to my surprise, a copy of zombie nation for nes. it's a really rare one, near the top of my wishlist, and i'd never seen a copy in the wild before. the asking price? $200. quite a bit above the [ebay average]( i'm not a fan of haggling at game stores. i expect to pay a bit more than online prices, even at better stores, because i know they need to keep the lights on and all that. that said, the guy i was working with seemed unusually desperate to close the deal with this. $200 wasn't going to do it, so i asked what his bottom dollar was. this went on for a while, and he ultimately asked what price i had in mind. i noted that ebay prices were sitting between $140 and $150, though i understood that they had to make a profit and all that. he then said, and i quote, ""okay then, how about $120?"" you can probably guessed [what happened next]( : while haggling isn't always a great idea, sometimes a store will do all the haggling for you."
topic_9,story,0.3640017807483673,"You missed:

1. Money is not the only factor being optimized for - time is as well.

2. For a winner there is just the one auction you envision here, but for the losers there is the next, and the next, until they finally succeed in buying the thing they came to the site for.

Suppose I want to score a $600 smartphone for a maximum of $200.  Often others are going to see a current price of $10, and bid a maximum of something like $50 - because if it's only $10, they figure $50 should have it in the bag (and remember, they didn't take your advice). My snipe of $200 max bid at the last second wins.

Now suppose I take your advice, and no one else does (with just 57 upvotes and millions of ebay users, this is statistically probable). Four days prior to the auction close I put in max price $200. Gradually people enter lower amounts as their max, and as they do my bid immediately outbids them, until finally someone says you know - I was willing to pay $200 for it, but I'd do it for $205 **if it gets this over with**. I gave them time to reconsider the balance of the 2 factors they were considering.

Now I've lost, and will keep on losing, for being naive enough to bid early and give others a chance to reassess time cost vs monetary cost. (I have the personal experience to show for it.)

But wait you might say - bidding early just the once is much cheaper in terms of time than bidding multiple times in one auction. But that's the other problem with your hypothetical: It assumes just 1 auction. I show up, I bid or don't, and win or lose I never come back. I agree the winner often doesn't come back (unless they're a reseller or something along those lines). But the losers sat down at this computer and haven't accomplished their basic goal of buying a phone today (or whatever).

If I bid early, not only do I keep getting outbid, I just keep screwing around on ebay for the rest of my life, in the vain hope I'm the one fool that ever bids on something someday. And when I do, I'll probably have missed something critical, and end up with something like ""phone does not currently power on"" in the description.

TL;DR: You ignored time.","you missed: 1. money is not the only factor being optimized for - time is as well. 2. for a winner there is just the one auction you envision here, but for the losers there is the next, and the next, until they finally succeed in buying the thing they came to the site for. suppose i want to score a $600 smartphone for a maximum of $200. often others are going to see a current price of $10, and bid a maximum of something like $50 - because if it's only $10, they figure $50 should have it in the bag (and remember, they didn't take your advice). my snipe of $200 max bid at the last second wins. now suppose i take your advice, and no one else does (with just 57 upvotes and millions of ebay users, this is statistically probable). four days prior to the auction close i put in max price $200. gradually people enter lower amounts as their max, and as they do my bid immediately outbids them, until finally someone says you know - i was willing to pay $200 for it, but i'd do it for $205 if it gets this over with. i gave them time to reconsider the balance of the 2 factors they were considering. now i've lost, and will keep on losing, for being naive enough to bid early and give others a chance to reassess time cost vs monetary cost. (i have the personal experience to show for it.) but wait you might say - bidding early just the once is much cheaper in terms of time than bidding multiple times in one auction. but that's the other problem with your hypothetical: it assumes just 1 auction. i show up, i bid or don't, and win or lose i never come back. i agree the winner often doesn't come back (unless they're a reseller or something along those lines). but the losers sat down at this computer and haven't accomplished their basic goal of buying a phone today (or whatever). if i bid early, not only do i keep getting outbid, i just keep screwing around on ebay for the rest of my life, in the vain hope i'm the one fool that ever bids on something someday. and when i do, i'll probably have missed something critical, and end up with something like ""phone does not currently power on"" in the description. : you ignored time."
topic_9,story,0.22273775935173035,"The story: My dad has been a collector of many things for as long as I've been alive and he's constantly buying various things. He has a huge building that he built (he's a carpenter for a living so he can build pretty much anything) to store all of the various things he buys. He's quite fond of toys (we actually have one of the largest G.I. Joe collections in the United States) but he has bought a few video game things on occasion.

The box of NES games were purchased probably 10 years ago after some video store went out of business. He can't remember what he gave for it all but he's guessing it was $1 or $2 per game. Until I recovered them, they were sitting in the building buried under some other boxes.

The Atari 2600 was discovered last week and he has no idea where it came from or how much he gave. The Sega Dreamcast was part of a huge transfer truck of ""return"" items (thus the orange sticker on it) he bought several years ago. A lot of the return items were actually not broken at all. Someone just returned them for whatever reason and the store did not put them back on the shelf as brand new so they had to end up somewhere. It's been sitting in the building for probably 6 years.

TL;DR My dad buys awesome stuff and occasionally passes it on to his children. He's probably cooler than your dad.","the story: my dad has been a collector of many things for as long as i've been alive and he's constantly buying various things. he has a huge building that he built (he's a carpenter for a living so he can build pretty much anything) to store all of the various things he buys. he's quite fond of toys (we actually have one of the largest g.i. joe collections in the united states) but he has bought a few video game things on occasion. the box of nes games were purchased probably 10 years ago after some video store went out of business. he can't remember what he gave for it all but he's guessing it was $1 or $2 per game. until i recovered them, they were sitting in the building buried under some other boxes. the atari 2600 was discovered last week and he has no idea where it came from or how much he gave. the sega dreamcast was part of a huge transfer truck of ""return"" items (thus the orange sticker on it) he bought several years ago. a lot of the return items were actually not broken at all. someone just returned them for whatever reason and the store did not put them back on the shelf as brand new so they had to end up somewhere. it's been sitting in the building for probably 6 years. my dad buys awesome stuff and occasionally passes it on to his children. he's probably cooler than your dad."
topic_9,no_story,0.6009831428527832,"All watches from online retailers.  There is no guarantee that a watch is brand new.  

If you have a jewelry business.  You can buy a watch from a consumer that's near mint condition and sell it to any watch retailer.  It just needs to be a popular model.  So any of you knuckles that want to sell a mint condition watch.  Call up a online retailer.  If it's pristine condition enough.  They'll probably buy it off you.  

But obviously no where near what you pay.

For any watch brand under 2k retail generally 55% off retail is the correct price to sell to them.and they'll sell it for around 35%-40% off depending on how many they have in stock.

Like more expensive watches it's like 50% off retail.
But it needs to be basically unworn.  

Tldr.  I am in the business I have sold to online watch companies.  They use there in house warranties.  The only way a watch is new is if it has a manufacturer warranty not some warranty from some store.

If you want to know more pm me.",all watches from online retailers. there is no guarantee that a watch is brand new. if you have a jewelry business. you can buy a watch from a consumer that's near mint condition and sell it to any watch retailer. it just needs to be a popular model. so any of you knuckles that want to sell a mint condition watch. call up a online retailer. if it's pristine condition enough. they'll probably buy it off you. but obviously no where near what you pay. for any watch brand under 2k retail generally 55% off retail is the correct price to sell to them.and they'll sell it for around 35%-40% off depending on how many they have in stock. like more expensive watches it's like 50% off retail. but it needs to be basically unworn. . i am in the business i have sold to online watch companies. they use there in house warranties. the only way a watch is new is if it has a manufacturer warranty not some warranty from some store. if you want to know more pm me.
topic_9,no_story,0.41385045647621155,"As a tigers fan I have no problem with this deal. This deal is about more than the 10 years Cabrera will play there. This deal is with a no doubt hall of famer to a franchise with some historic players, those of which that are still alive are constantly around the team, clubhouse, and fans. From a marketing standpoint Cabrera is money in the bank not only during his playing days but after they are done. Appearances, autographs, season ticket holder meetings, etc. I saw a guy buy an Al Kaline autographed jersey for $1,000 at spring training this year. Cabrera will live on as a tiger long after his playing days are done.  All of this for one of the best pure hitters ever? The price seems worth it, let alone the cost of inflation etc. Lastly, owner Mike Illitch is a guy who has more money than he knows what to do with and knows the value of a star to a franchise. He had no problem making Stevie Y the face of the franchise for the wings and no doubt he's doing the same with Cabrera. Not to mention that he may be rewarding Cabrera with some bonus money for being simply awesome and deserving of $30 mil a year for the last few years. 

Tl;DR Maybe a bad deal if you just look at money. But if you're someone who has money to blow and want to reward someone while building overall franchise and fan base value, doesn't seem so bad to me. ","as a tigers fan i have no problem with this deal. this deal is about more than the 10 years cabrera will play there. this deal is with a no doubt hall of famer to a franchise with some historic players, those of which that are still alive are constantly around the team, clubhouse, and fans. from a marketing standpoint cabrera is money in the bank not only during his playing days but after they are done. appearances, autographs, season ticket holder meetings, etc. i saw a guy buy an al kaline autographed jersey for $1,000 at spring training this year. cabrera will live on as a tiger long after his playing days are done. all of this for one of the best pure hitters ever? the price seems worth it, let alone the cost of inflation etc. lastly, owner mike illitch is a guy who has more money than he knows what to do with and knows the value of a star to a franchise. he had no problem making stevie y the face of the franchise for the wings and no doubt he's doing the same with cabrera. not to mention that he may be rewarding cabrera with some bonus money for being simply awesome and deserving of $30 mil a year for the last few years. maybe a bad deal if you just look at money. but if you're someone who has money to blow and want to reward someone while building overall franchise and fan base value, doesn't seem so bad to me."
topic_9,no_story,0.2742982506752014,"There are many compromises that can have a huge effect on price without a significant drop in quality:

* You agree on year long, continuous contract of massive supplying a same product. This allows a massive increase in planning and efficiency, which allows a high quality/price ratio.

* When an article appears, it's in every store, that's how they manage to sell as many as possible while keeping the quantity as high as possible.

* No risky marketed products.

* Most stores will throw away articles which were not sold, and compensate the loss by increasing the margin. ALDI will make sure they sell mostly everything, even if it means sometimes there will be empty shelves. That's how the margin is even lower.

TLDR: low risk, high quantity, no waste, concentrate on products that always work.

I've been making my main shopping at ALDI for nearly 6 years now, and I changed cities 2 times. You don't get everything at aldi, but the savings are huge, and the quality is really more than fair.","there are many compromises that can have a huge effect on price without a significant drop in quality: you agree on year long, continuous contract of massive supplying a same product. this allows a massive increase in planning and efficiency, which allows a high quality/price ratio. when an article appears, it's in every store, that's how they manage to sell as many as possible while keeping the quantity as high as possible. no risky marketed products. most stores will throw away articles which were not sold, and compensate the loss by increasing the margin. aldi will make sure they sell mostly everything, even if it means sometimes there will be empty shelves. that's how the margin is even lower. : low risk, high quantity, no waste, concentrate on products that always work. i've been making my main shopping at aldi for nearly 6 years now, and i changed cities 2 times. you don't get everything at aldi, but the savings are huge, and the quality is really more than fair."
topic_10,story,0.3795187473297119,"So a little background about myself. I graduated HS last year and I'm currently enrolled in post-secondary education. So come september I'll be a second year university student studying Biomedical Electrical Engineering. 

From a students perspective, what you mentions is pretty much bang on. Physics was always this course that was held as ""the drop-out course"" and I think its this mentality, especially when you have counselors telling students not to take the course unless its required, that causes people to think twice and feel as though they couldn't possibly be smart enough. 

Physics for me was an interesting class but one that became a HUGE time sink on my part. I spent hours slaving over physics questions I didn't fully understand. Looking back now I realized I struggled the most with not the physics but the math. I feel as though I walked into that course not having the proper background in vector algebra. At the time it never crossed my mind that the issue was in the math as I considered myself good a math. In the end I spent hours just memorizing the structure of different problems and just regurgitated everything come test time (which is something I HATE doing). It wasn't until I learned calculus that any of the stuff made sense to me. 

I don't know how your curriculum is structured but here in Canada, the first physics course you take is in grade 11. The math skills that students walk in with is just basic functions and I feel as though this poses a problem. I'm the kind of person that likes understanding where all these equations come from and why they make sense. I never got that background that that really bothered me. Turning questions into what I called ""plug and chug"" I found was the only solution and it got me through HS physics with almost zero understanding. 

So this turned out longer than expected, I guess I ramble too much :P. In any case I hope this helps somewhat and I'm happy to answer any more questions. Good luck with the new school year! 

**TLDR** My problem with HS physics was not physics but math. Spent time doing just vector algebra outside the context of physics and make sure they have that background because otherwise it becomes a game of just plugging numbers into equations","so a little background about myself. i graduated hs last year and i'm currently enrolled in post-secondary education. so come september i'll be a second year university student studying biomedical electrical engineering. from a students perspective, what you mentions is pretty much bang on. physics was always this course that was held as ""the drop-out course"" and i think its this mentality, especially when you have counselors telling students not to take the course unless its required, that causes people to think twice and feel as though they couldn't possibly be smart enough. physics for me was an interesting class but one that became a huge time sink on my part. i spent hours slaving over physics questions i didn't fully understand. looking back now i realized i struggled the most with not the physics but the math. i feel as though i walked into that course not having the proper background in vector algebra. at the time it never crossed my mind that the issue was in the math as i considered myself good a math. in the end i spent hours just memorizing the structure of different problems and just regurgitated everything come test time (which is something i hate doing). it wasn't until i learned calculus that any of the stuff made sense to me. i don't know how your curriculum is structured but here in canada, the first physics course you take is in grade 11. the math skills that students walk in with is just basic functions and i feel as though this poses a problem. i'm the kind of person that likes understanding where all these equations come from and why they make sense. i never got that background that that really bothered me. turning questions into what i called ""plug and chug"" i found was the only solution and it got me through hs physics with almost zero understanding. so this turned out longer than expected, i guess i ramble too much :p. in any case i hope this helps somewhat and i'm happy to answer any more questions. good luck with the new school year! my problem with hs physics was not physics but math. spent time doing just vector algebra outside the context of physics and make sure they have that background because otherwise it becomes a game of just plugging numbers into equations"
topic_10,story,0.13045965135097504,"I recently upgraded to a viper after a long grind. Wanting to get to HO HSI I noticed that one or more of the jumps we're too far so I thought I'd upgrade my jump drive, short on cash I did some missions jumping through the nearby systems. Finally having saved up enough for a better jump drive, I arrive at Panoii, upgrade my stock jumpdrive of class E to a class D. I head back out and try to navigate to HO HSI but I still can't! Okay maybe I need a better class Jump drive, so I pick up a mission to go to swaza, merely 6.5ly away, but I can't jump to Swaza either, I can't jump to any system!?  
Okay, Go back to the station and sell some stuff to afford a class C frameshift drive buy that and head out, and still ""jump exceeds drive fuel use 0.6"". Utterly confused by all the stats of the frameshift drives I head back to the station and re-buy my original Jump drive (at least I think this was the original) and head back out and STILL! I can't jump to any other system!  

TL;DR: I tried all available (and affordable) jump drives but I can't jump out of my system, even though I jumped into it.  

Anyone know how I can fix this issue? I happen to be in a system with resource nodes, so I could possibly make some money mining in-system to afford an even bigger drive, but that could take ages.

EDIT: 
I figured it out, I was using too low a class of jump drive, I thought that I had already attempted a class 3 but I got confused! Thanks everyone","i recently upgraded to a viper after a long grind. wanting to get to ho hsi i noticed that one or more of the jumps we're too far so i thought i'd upgrade my jump drive, short on cash i did some missions jumping through the nearby systems. finally having saved up enough for a better jump drive, i arrive at panoii, upgrade my stock jumpdrive of class e to a class d. i head back out and try to navigate to ho hsi but i still can't! okay maybe i need a better class jump drive, so i pick up a mission to go to swaza, merely 6.5ly away, but i can't jump to swaza either, i can't jump to any system!? okay, go back to the station and sell some stuff to afford a class c frameshift drive buy that and head out, and still ""jump exceeds drive fuel use 0.6"". utterly confused by all the stats of the frameshift drives i head back to the station and re-buy my original jump drive (at least i think this was the original) and head back out and still! i can't jump to any other system! : i tried all available (and affordable) jump drives but i can't jump out of my system, even though i jumped into it. anyone know how i can fix this issue? i happen to be in a system with resource nodes, so i could possibly make some money mining in-system to afford an even bigger drive, but that could take ages. edit: i figured it out, i was using too low a class of jump drive, i thought that i had already attempted a class 3 but i got confused! thanks everyone"
topic_10,story,0.12339199334383011,"Long time lurker, first time posting, etc, etc.

My last two years of college I worked for an IT/AV department on campus. We managed around 200 classrooms on campus so our only clients were professors and TAs. 

One day a call comes in where a professor said her screen just went black but she didn't want immediate assistance, she would prefer us to come by after her class. I recognized her name from previous calls and new this would be an interesting one. I assumed the projector and turned off or she was just on the wrong input. Anyways, I wait a bit then head to her classroom. She explains that she was using her laptop and all of a sudden it went black. So I look at it and realize that it is off but there was a VGA cable plugged into which leads to our system then from there to the projector.

I turned the laptop on and realize that it had a low battery and had went into power save mode. I point this out and ask her if she has her charger. At this point she says that it is already plugged up and points to the VGA cable. I explain that the VGA cable on transmit video and doesn't power her laptop.

She then gets irate and exclaims that she was under the impression that it not only displayed video but charged it and if she has to plug in more cables to this thing then it isn't even worth carrying around...

My jaw dropped. 

I calmed her down and asked if she had her power cable. She said that she had never seen any other cables...

Jaw dropped again.

After some discussion, I figured out that she has a docking station in her office and that's how her laptop usually charges. But then I get the best information possible. I explain what her charger would look like and she goes ""oh you mean this cable"" and pulls it out of her backpack.

TL;DR. Prof thought VGA cables charged her laptop then got irate with me when I explained that it didnt. She claimed that she had never seen the charger and turns out that it was in her backpack the entire time.","long time lurker, first time posting, etc, etc. my last two years of college i worked for an it/av department on campus. we managed around 200 classrooms on campus so our only clients were professors and tas. one day a call comes in where a professor said her screen just went black but she didn't want immediate assistance, she would prefer us to come by after her class. i recognized her name from previous calls and new this would be an interesting one. i assumed the projector and turned off or she was just on the wrong input. anyways, i wait a bit then head to her classroom. she explains that she was using her laptop and all of a sudden it went black. so i look at it and realize that it is off but there was a vga cable plugged into which leads to our system then from there to the projector. i turned the laptop on and realize that it had a low battery and had went into power save mode. i point this out and ask her if she has her charger. at this point she says that it is already plugged up and points to the vga cable. i explain that the vga cable on transmit video and doesn't power her laptop. she then gets irate and exclaims that she was under the impression that it not only displayed video but charged it and if she has to plug in more cables to this thing then it isn't even worth carrying around... my jaw dropped. i calmed her down and asked if she had her power cable. she said that she had never seen any other cables... jaw dropped again. after some discussion, i figured out that she has a docking station in her office and that's how her laptop usually charges. but then i get the best information possible. i explain what her charger would look like and she goes ""oh you mean this cable"" and pulls it out of her backpack. . prof thought vga cables charged her laptop then got irate with me when i explained that it didnt. she claimed that she had never seen the charger and turns out that it was in her backpack the entire time."
topic_10,no_story,0.4864393472671509,"It's interesting to look at how social relationships affect an individual's values and how they perceive the social relationships around them. Would the author of this article have come away from those classes with the outlook he has now if it hadn't been for participating in that study group? That is, a study group where there were both men and women, who felt differently about the dynamic of the group, aired those grievances, and came to a consensus. 

&gt;*I’d stay pretty quiet for the first month* or so of class, pushing myself to really listen. In the first week of class I’d say something to clearly *identify myself as opposed* to white supremacy and patriarchy (sometimes capitalism) as systems of oppressions that I benefit from, so people knew where I was coming from. *This was generally met* with shock, excitement and a sign of relief. I participated in dialogue more as I tried to *develop trust* through listening and being open to the information, histories and stories. While this strategy incorporated anti-sexist goals, it was also about *presenting myself* in a certain way.

This paragraph in particular illustrates how the author learned to change their behavior over time to be accommodating to traditionally oppressed peoples, and be accepted into their group as an equal rather than as a potential antagonist. 

I think people from all camps can learn from this sort of open-mindedness to ideas that challenge your current conception of how people interact with each other. In terms of how this model could be applied to this subreddit, I think all parties need to ease up on the aggression - we're not here to convince anyone they are completely wrong and we are completely right. We want to build mutual understanding and consensus. 

This cannot be achieved through seeking to dominate discussions through vote brigades or bans. The former only provokes moderates to support harsher moderation measures that serve to stifle discussion, while the latter may cause an individual to abandon the group entirely in search of a more empathetic social group (oftentimes /r/mensrights or /r/anarcho_Capitalism). While driving away people with dissenting opinion will bring consensus to the group, it also shrinks the group and enlarges rival groups - you're pushing fence-sitters to adopt opposing ideologies. 

tl;dr heartfelt discussion of experiences, perceptions, and values &gt; harsher moderation policies","it's interesting to look at how social relationships affect an individual's values and how they perceive the social relationships around them. would the author of this article have come away from those classes with the outlook he has now if it hadn't been for participating in that study group? that is, a study group where there were both men and women, who felt differently about the dynamic of the group, aired those grievances, and came to a consensus. &gt;i’d stay pretty quiet for the first month or so of class, pushing myself to really listen. in the first week of class i’d say something to clearly identify myself as opposed to white supremacy and patriarchy (sometimes capitalism) as systems of oppressions that i benefit from, so people knew where i was coming from. this was generally met with shock, excitement and a sign of relief. i participated in dialogue more as i tried to develop trust through listening and being open to the information, histories and stories. while this strategy incorporated anti-sexist goals, it was also about presenting myself in a certain way. this paragraph in particular illustrates how the author learned to change their behavior over time to be accommodating to traditionally oppressed peoples, and be accepted into their group as an equal rather than as a potential antagonist. i think people from all camps can learn from this sort of open-mindedness to ideas that challenge your current conception of how people interact with each other. in terms of how this model could be applied to this subreddit, i think all parties need to ease up on the aggression - we're not here to convince anyone they are completely wrong and we are completely right. we want to build mutual understanding and consensus. this cannot be achieved through seeking to dominate discussions through vote brigades or bans. the former only provokes moderates to support harsher moderation measures that serve to stifle discussion, while the latter may cause an individual to abandon the group entirely in search of a more empathetic social group (oftentimes /r/mensrights or /r/anarcho_capitalism). while driving away people with dissenting opinion will bring consensus to the group, it also shrinks the group and enlarges rival groups - you're pushing fence-sitters to adopt opposing ideologies. heartfelt discussion of experiences, perceptions, and values &gt; harsher moderation policies"
topic_10,no_story,0.32694172859191895,"I think the greatest aspect of the Walk, especially here in San Francisco, is pointing out to people that, no matter what the media and politicians say is the 'proper' viewpoint, there are thousands and thousands of other people who feel the same way the marchers do. This reinvigorates those who march to see that a) they're not alone b) it's not as skewed as local media reports and c) it's a view one can hold and not be ostracized by everyone.

This realization, both by walkers and those who witness and hear about the Walk inspires them to express their views, to carry their views into other aspects of life (politics, work, family life) and basically to make sure that people who are pro-life aren't cowed into thinking they're the freaks and oddballs for their views.

Imagine if the money spent on Dr. King's marches had been spent on get-out-the-vote campaigns or other education. The Civil Rights Movement may have stalled out.

TL;DR When you see tens of thousands of other people share your views, you're encouraged and more willing to advocate for pro-life causes.","i think the greatest aspect of the walk, especially here in san francisco, is pointing out to people that, no matter what the media and politicians say is the 'proper' viewpoint, there are thousands and thousands of other people who feel the same way the marchers do. this reinvigorates those who march to see that a) they're not alone b) it's not as skewed as local media reports and c) it's a view one can hold and not be ostracized by everyone. this realization, both by walkers and those who witness and hear about the walk inspires them to express their views, to carry their views into other aspects of life (politics, work, family life) and basically to make sure that people who are pro-life aren't cowed into thinking they're the freaks and oddballs for their views. imagine if the money spent on dr. king's marches had been spent on get-out-the-vote campaigns or other education. the civil rights movement may have stalled out. when you see tens of thousands of other people share your views, you're encouraged and more willing to advocate for pro-life causes."
topic_10,no_story,0.23852863907814026,"I study creativity and innovative psychology, and I see this kind of stuff all the time, so let me chime in here:

This article overlooks several things that, admittedly, are difficult to measure. Brainstorming is not about creating a bunch of ideas, but creating novel ideas *from* a bunch of ideas.

The fact of the matter is, the introduction of a group allows for the development of novel concepts. The need for a lack of criticism is so that you can extend beyond the mundane. What does it matter if I come of with 7 more ideas due to criticism, if that criticism leads me to think of seven flat ideas?

Additionally, they remove some of the most important steps of creative problem solving. They produce ideas, but they don't seek combinations. They don't strive for novelty. They diverge, but they never converge. Convergence allows you to start judging things and producing practicality out of the freewheeling.

Every time I hear someone say brainstorming doesn't work, I find that they do it wrong. It's a fad of academia to say brainstorming doesn't work; it comes in waves. Ever since it's inception, it's been criticized and proven in cycles.

TL;DR: The article is flawed and based on a fad of disproving brainstorming.","i study creativity and innovative psychology, and i see this kind of stuff all the time, so let me chime in here: this article overlooks several things that, admittedly, are difficult to measure. brainstorming is not about creating a bunch of ideas, but creating novel ideas from a bunch of ideas. the fact of the matter is, the introduction of a group allows for the development of novel concepts. the need for a lack of criticism is so that you can extend beyond the mundane. what does it matter if i come of with 7 more ideas due to criticism, if that criticism leads me to think of seven flat ideas? additionally, they remove some of the most important steps of creative problem solving. they produce ideas, but they don't seek combinations. they don't strive for novelty. they diverge, but they never converge. convergence allows you to start judging things and producing practicality out of the freewheeling. every time i hear someone say brainstorming doesn't work, i find that they do it wrong. it's a fad of academia to say brainstorming doesn't work; it comes in waves. ever since it's inception, it's been criticized and proven in cycles. : the article is flawed and based on a fad of disproving brainstorming."
topic_11,story,0.4052531123161316,"Sounds awesome. I just recently moved into a small 3 room house in the countryside after living in downtown metropolis for 23 years.

Despite being a social person, the seclusion and low budget lifestyle has been truly theraputic for both my body and mind.

I have been able to focus on myself and the things that make me happy. My stress levels have all but vanished. The only downside in this internet age is seeing all the things I still yearn to do right in front of my face. I love to travel and explore new things.

My solution was a Couch Surfing Cruise through Europe. Minus my expenses to fly to Britain, I left America with 20 bucks in my pocket. Each person I stayed with charged me nothing, and most were even willing to pay me to do some chores around the house. I met alot of great people and had the time of my life.

My point is, before you settle down and begin living a stress free life, make sure you have no regrets and no unfulfilled experiences. I can now happily reflect on the past, live in the moment in the present, and welcome the future with open stress free arms.

Tl;dr Before you settle in a van down by the river, make sure you've seen the rest of the river","sounds awesome. i just recently moved into a small 3 room house in the countryside after living in downtown metropolis for 23 years. despite being a social person, the seclusion and low budget lifestyle has been truly theraputic for both my body and mind. i have been able to focus on myself and the things that make me happy. my stress levels have all but vanished. the only downside in this internet age is seeing all the things i still yearn to do right in front of my face. i love to travel and explore new things. my solution was a couch surfing cruise through europe. minus my expenses to fly to britain, i left america with 20 bucks in my pocket. each person i stayed with charged me nothing, and most were even willing to pay me to do some chores around the house. i met alot of great people and had the time of my life. my point is, before you settle down and begin living a stress free life, make sure you have no regrets and no unfulfilled experiences. i can now happily reflect on the past, live in the moment in the present, and welcome the future with open stress free arms. before you settle in a van down by the river, make sure you've seen the rest of the river"
topic_11,story,0.3031473457813263,"Hello! 

I'm currently renting a one bedroom basement suite in a new house. It's ground level, includes laundry twice a week, and utilities. It's in the playland area. It's a decent location.

The landlords are ok... they are very green so they have been going through my trash and removing any missed recyclables... they've told me to be more careful in future or they will go through my trash again. 

Also in my suite like other basement suites see a few spiders a week... only these spiders are the size of golf balls.... I recently found one in my bed and it really had me freaked out. 

I've been living here for just over a year, in that time for the first 6-8 months I was living with my BF and was paying rent for an empty apartment. That relationship ended and I've been staying at my house for the last few months. I'm really boring... I work all day 5 days a week and when I come home usually have something store bought to eat and Netflix and sleep. A couple of days ago my landlords gave me notice of rent increase ( from $ 950 to $980). 

They aren't incredibly loud... except for doing laundry at 6am on the weekends... laundry room is right next to my bedroom. 

Here's where my question comes in... I'm ready to move... but the rental market in Vancouver is tough. 

I had planned on giving notice today so I can find a place for November... I'm worried though looking at the rental market that I may end up with no place to move into... or have to settle into a place that I don't like. Should I hold off on giving notice, secure a place and run the risk of needing to pay rent for a month at two places... or do I go balls out and give notice and work my bum off to find a place for November? 

TL;DR : do I give up the place I'm renting now and look for a new place for Nov, or hold onto my place, look for a place I like and run the risk of paying rent for two places for one month. 

Thank you:)","hello! i'm currently renting a one bedroom basement suite in a new house. it's ground level, includes laundry twice a week, and utilities. it's in the playland area. it's a decent location. the landlords are ok... they are very green so they have been going through my trash and removing any missed recyclables... they've told me to be more careful in future or they will go through my trash again. also in my suite like other basement suites see a few spiders a week... only these spiders are the size of golf balls.... i recently found one in my bed and it really had me freaked out. i've been living here for just over a year, in that time for the first 6-8 months i was living with my bf and was paying rent for an empty apartment. that relationship ended and i've been staying at my house for the last few months. i'm really boring... i work all day 5 days a week and when i come home usually have something store bought to eat and netflix and sleep. a couple of days ago my landlords gave me notice of rent increase ( from $ 950 to $980). they aren't incredibly loud... except for doing laundry at 6am on the weekends... laundry room is right next to my bedroom. here's where my question comes in... i'm ready to move... but the rental market in vancouver is tough. i had planned on giving notice today so i can find a place for november... i'm worried though looking at the rental market that i may end up with no place to move into... or have to settle into a place that i don't like. should i hold off on giving notice, secure a place and run the risk of needing to pay rent for a month at two places... or do i go balls out and give notice and work my bum off to find a place for november? : do i give up the place i'm renting now and look for a new place for nov, or hold onto my place, look for a place i like and run the risk of paying rent for two places for one month. thank you:)"
topic_11,story,0.29331034421920776,"I'll try to keep this short, but I want to start at the beginning.

I have been struggling with addiction for a lot of years.  The addiction, along with a lot of other factors, have left me broken in all areas of my life...particularly with finances and relationships.  I am currently clean and sober and I want to stay that way.

In March, I was caught with some drugs in my car.  They charged me with felony possession, but they dropped it to misdemeanor drug abuse.  I am on probation and will be for two years.

In addition to the drug problems, I went for an eight month period where I was unemployed.  I was laid off due to outsourcing.  At this time, our mortgage was not paid.  The house was foreclosed on.  Because of this, and a lot of other financial problems, my wife and I declared bankruptcy.  We just signed the papers a couple of weeks ago.

In addition to that, we are working on getting a divorce.  This has been a long time coming.  I know I'll never get custody, so I would like to leave my wife and kids in the house that we are currently living in.  I have been looking for apartments in the area.

TLDR - I have a recent charge of misdemeanor drug abuse on my record.  I just filed for bankruptcy.  I am getting a divorce and need to find an apartment.

My problem is that at every place I have looked, either the drug charge or the bankruptcy (or both) disqualify me from being accepted to rent the apartment.  I could get a hotel, and rent the place weekly, but I'd really rather have a real place with a stove and refrigerator that I can live.  

Maybe legal advice isn't the right place to post this.  My original questions was: Do these places really do background checks?  I assume if I lie, I will get caught, right?  I just don't know what else to do.  If I'm honest, I will be disqualified, and if I lie, they will find out.

I have to figure this out soon.  Do you have any thoughts or suggestions?","i'll try to keep this short, but i want to start at the beginning. i have been struggling with addiction for a lot of years. the addiction, along with a lot of other factors, have left me broken in all areas of my life...particularly with finances and relationships. i am currently clean and sober and i want to stay that way. in march, i was caught with some drugs in my car. they charged me with felony possession, but they dropped it to misdemeanor drug abuse. i am on probation and will be for two years. in addition to the drug problems, i went for an eight month period where i was unemployed. i was laid off due to outsourcing. at this time, our mortgage was not paid. the house was foreclosed on. because of this, and a lot of other financial problems, my wife and i declared bankruptcy. we just signed the papers a couple of weeks ago. in addition to that, we are working on getting a divorce. this has been a long time coming. i know i'll never get custody, so i would like to leave my wife and kids in the house that we are currently living in. i have been looking for apartments in the area. - i have a recent charge of misdemeanor drug abuse on my record. i just filed for bankruptcy. i am getting a divorce and need to find an apartment. my problem is that at every place i have looked, either the drug charge or the bankruptcy (or both) disqualify me from being accepted to rent the apartment. i could get a hotel, and rent the place weekly, but i'd really rather have a real place with a stove and refrigerator that i can live. maybe legal advice isn't the right place to post this. my original questions was: do these places really do background checks? i assume if i lie, i will get caught, right? i just don't know what else to do. if i'm honest, i will be disqualified, and if i lie, they will find out. i have to figure this out soon. do you have any thoughts or suggestions?"
topic_11,no_story,0.3870352506637573,"Hi there!

I am moving to Seattle in August and need a place to live... Unfortunately I have to leave the country for July, and it looks like I only have this week to travel to Seattle and settle on an apartment for August and beyond.

I have been doing a lot of online research but a lot of listings on Craig's List around the area I want to live in seem to be apartment complexes, and most of them have really bad reviews on Yelp... I have never been to Seattle, and I really need a local's help, so I decided to post on Reddit, see if anyone is willing to help a sister out.

Any realtors on here who is willing to show me some apartments this week and help me settle on one? I will provide the details once we get in touch.

tl;dr: moving to Seattle in a short notice, need a place to live. Internet search isn't doing me well. Help!

Edit: Found a realtor on yelp who is willing to help me out. The side bare gave me a good idea of where I should be looking. I am looking to live around Seattle University (going to graduate school there), so First Hill or Capital Hill, or Central District. I'm looking for a one-bed, size isn't important except I want a decent-sized kitchen. $1500 is my maximum.","hi there! i am moving to seattle in august and need a place to live... unfortunately i have to leave the country for july, and it looks like i only have this week to travel to seattle and settle on an apartment for august and beyond. i have been doing a lot of online research but a lot of listings on craig's list around the area i want to live in seem to be apartment complexes, and most of them have really bad reviews on yelp... i have never been to seattle, and i really need a local's help, so i decided to post on reddit, see if anyone is willing to help a sister out. any realtors on here who is willing to show me some apartments this week and help me settle on one? i will provide the details once we get in touch. : moving to seattle in a short notice, need a place to live. internet search isn't doing me well. help! edit: found a realtor on yelp who is willing to help me out. the side bare gave me a good idea of where i should be looking. i am looking to live around seattle university (going to graduate school there), so first hill or capital hill, or central district. i'm looking for a one-bed, size isn't important except i want a decent-sized kitchen. $1500 is my maximum."
topic_11,no_story,0.12950974702835083,"It just hit me while watching a video of those super realistic humans in Infinite Realities. As a 2D artist something like that would be *amazing* for virtual life drawing sessions. The problem with drawing practice is that practicing from flat photos makes it very hard to think in 3D, and finding drawing classes with living models is invariably expensive and in my case impossible except for a few days per year, and even then spots are limited, times may not fit my schedule and travel time can be lengthy.

This is where VR comes in. Since everything looks like it has scale and volume like you could touch it, it's essentially just as good as real living models in terms of drawing practice. Doesn't even need to be human, you could do life drawing sessions of any 3D model. I'm thinking a [life sized Ultralisk]( or a [Mind Flayer]( would be something interesting. Or go do Plein Air paintings in Skyrim or the 9th circle of hell or something. The possibilities are so limitless it's not even funny. And you could do it every day at any time.

Problem is I don't really know if anyone's developed a plugin or something get for example a floating Photoshop window like a virtual [easel]( into a game or application which you would interact with a Wacom Tablet, or if you'd have to build a separate VR painting software where you'd load 3D models and environments. I'm sure it's under works or exists already in a rudimentary form. Alternative is to have one hand on the rift taking it off for drawing with a pencil and putting it on for looking, but I'm not sure how feasible that is.

I haven't had a chance to test the Rift yet, I've decided to wait for the consumer version. I don't consider my programming skills quite sufficient for full scale game development making the time and money investment hard to justify except for the entertainment value which currently suffers from the fact that it's a devkit and the support is relatively limited. Besides I'll buy the consumer version ""in multiple months, not multiple years"" anyway.

I'd be extremely interested in hearing the thoughts of anyone interested in digital content creation who's used the devkit.


tl;dr: Oculus Rift for art study?","it just hit me while watching a video of those super realistic humans in infinite realities. as a 2d artist something like that would be amazing for virtual life drawing sessions. the problem with drawing practice is that practicing from flat photos makes it very hard to think in 3d, and finding drawing classes with living models is invariably expensive and in my case impossible except for a few days per year, and even then spots are limited, times may not fit my schedule and travel time can be lengthy. this is where vr comes in. since everything looks like it has scale and volume like you could touch it, it's essentially just as good as real living models in terms of drawing practice. doesn't even need to be human, you could do life drawing sessions of any 3d model. i'm thinking a [life sized ultralisk]( or a [mind flayer]( would be something interesting. or go do plein air paintings in skyrim or the 9th circle of hell or something. the possibilities are so limitless it's not even funny. and you could do it every day at any time. problem is i don't really know if anyone's developed a plugin or something get for example a floating photoshop window like a virtual [easel]( into a game or application which you would interact with a wacom tablet, or if you'd have to build a separate vr painting software where you'd load 3d models and environments. i'm sure it's under works or exists already in a rudimentary form. alternative is to have one hand on the rift taking it off for drawing with a pencil and putting it on for looking, but i'm not sure how feasible that is. i haven't had a chance to test the rift yet, i've decided to wait for the consumer version. i don't consider my programming skills quite sufficient for full scale game development making the time and money investment hard to justify except for the entertainment value which currently suffers from the fact that it's a devkit and the support is relatively limited. besides i'll buy the consumer version ""in multiple months, not multiple years"" anyway. i'd be extremely interested in hearing the thoughts of anyone interested in digital content creation who's used the devkit. : oculus rift for art study?"
topic_11,no_story,0.12269061803817749,"It seems to be, with the way the world is going (and I mean this, from England to Spain to Italy to China to India to Venezuela) the smartest step for any resistance movement is to cultivate a larger degree of independence than currently exists. Why isn't there more of an effort to gather the necessary resources to live somewhat more independently of the state and capitalism? To establish a parallel system that provides for life's necessities, allowing people to cultivate a larger self confidence and the realization that other ways of life are possible?

It seems like there are some movements towards urban gardening and whatnot but what about more cohesive, larger efforts? Not to recede from society but to be able to exist somewhat independent of it.

To what degree can we change the larger system? I'm not sure. I'm not convinced that the old models of revolution really apply anymore. Sure, society is more decentralized but that goes for the other side too. Power invades our lives to a larger and larger degree. We are increasingly undisciplined and with automation - unnecessary. I feel like that is what's coming - it is being made apparent how capitalism works. The labor supply is just another commodity and the human beings that make it up are not conceived of as living things due their lives. 

So what will happen? With automation, the needed labor supply will shrink drastically and many humans will become a non-issue as far is capitalism is concerned. They will only be viewed as costs, and what do capitalists do to costs? They cut them. 

So these people, they will have no other option besides to carve out their own space. This isn't to say that they'll be left alone. I imagine capital won't ever stop haranguing them, but they won't have jobs anymore. They won't have any reason to stay in the cities. We're seeing ever increasing flight to the cities as that's where the work is, but what happens once the work dries up? I don't think the model of the dystopic megacity holds. Once the majority of the population is no longer needed, it is similarly no longer tied to that system. It no longer views that system as something to depend upon.

Societies have broken up before. It has happened quite a lot actually. Cultures emerge and are created in a type of speciation. This could happen again (looking long-run here). There would still be a conflict over space and resources, but it would be interesting to see. 

These unnecessary people will need to learn to acquire food and water for themselves. Whereas all other cultural speciation events have been premodern - when one farming/gathering/etc. group split off from another and individuals knew how to provide for themselves, this is no longer the case. It will be more difficult but would be very interesting to see. Cultivating alternatives could facilitate this process and open up possibilities during it. 

TLDR: The meat of this is: When so many people are no longer required by capitalism, what will those people do? Will they continue to coexist alongside it in the form of criminals and the black market? I'm not sure this will be possible with security increases.
Will the simply die off when they're no longer fed, clothed, and vaccinated? I'm not sure about this either.
I think that to the extent they're not causing any problems for the capitalist class, they will be left alone and ignored. The question then becomes, what will they do with themselves?","it seems to be, with the way the world is going (and i mean this, from england to spain to italy to china to india to venezuela) the smartest step for any resistance movement is to cultivate a larger degree of independence than currently exists. why isn't there more of an effort to gather the necessary resources to live somewhat more independently of the state and capitalism? to establish a parallel system that provides for life's necessities, allowing people to cultivate a larger self confidence and the realization that other ways of life are possible? it seems like there are some movements towards urban gardening and whatnot but what about more cohesive, larger efforts? not to recede from society but to be able to exist somewhat independent of it. to what degree can we change the larger system? i'm not sure. i'm not convinced that the old models of revolution really apply anymore. sure, society is more decentralized but that goes for the other side too. power invades our lives to a larger and larger degree. we are increasingly undisciplined and with automation - unnecessary. i feel like that is what's coming - it is being made apparent how capitalism works. the labor supply is just another commodity and the human beings that make it up are not conceived of as living things due their lives. so what will happen? with automation, the needed labor supply will shrink drastically and many humans will become a non-issue as far is capitalism is concerned. they will only be viewed as costs, and what do capitalists do to costs? they cut them. so these people, they will have no other option besides to carve out their own space. this isn't to say that they'll be left alone. i imagine capital won't ever stop haranguing them, but they won't have jobs anymore. they won't have any reason to stay in the cities. we're seeing ever increasing flight to the cities as that's where the work is, but what happens once the work dries up? i don't think the model of the dystopic megacity holds. once the majority of the population is no longer needed, it is similarly no longer tied to that system. it no longer views that system as something to depend upon. societies have broken up before. it has happened quite a lot actually. cultures emerge and are created in a type of speciation. this could happen again (looking long-run here). there would still be a conflict over space and resources, but it would be interesting to see. these unnecessary people will need to learn to acquire food and water for themselves. whereas all other cultural speciation events have been premodern - when one farming/gathering/etc. group split off from another and individuals knew how to provide for themselves, this is no longer the case. it will be more difficult but would be very interesting to see. cultivating alternatives could facilitate this process and open up possibilities during it. : the meat of this is: when so many people are no longer required by capitalism, what will those people do? will they continue to coexist alongside it in the form of criminals and the black market? i'm not sure this will be possible with security increases. will the simply die off when they're no longer fed, clothed, and vaccinated? i'm not sure about this either. i think that to the extent they're not causing any problems for the capitalist class, they will be left alone and ignored. the question then becomes, what will they do with themselves?"
topic_12,story,0.6019718647003174,"17F/5'3/SW: 167/CW: 140s/GW: 117

Hello all! I started my weight loss journey in January, worked gradually down to 138 in August, and, wanting to take advantage of my new body, I joined cross country! I'm a senior this year and it's the first sport I've ever tried. 

I was planning to maintain during the season so I could be competing at my best, and I am honestly pretty jealous of my itty bitty teammates that clearly don't track calories and maintain a runners body, so I decided to try just listening to my body and eating whole foods when hungry. 

I adore fruit and get 4+ servings a day. I've trained my brain to crave bananas and apples instead of sweets. It's great, but those fucking bananas, they get me. And the chocolate milk and peanut butter, of course. 

So I'm back up to 144 now :( I fell into the ""I'm an athlete, I need fuel!"" trap. Nbd tho, I'm disappointed but I can deal with it. 

I keep thinking about running xc in college and telling my teammates I used to be 50 lbs heavier :) my goals are keeping me up! 

So, PSA/Tl;Dr: it's okay if you accidentally eat too many bananas and gain a few pounds. We'll get them off!","17f/5'3/sw: 167/cw: 140s/gw: 117 hello all! i started my weight loss journey in january, worked gradually down to 138 in august, and, wanting to take advantage of my new body, i joined cross country! i'm a senior this year and it's the first sport i've ever tried. i was planning to maintain during the season so i could be competing at my best, and i am honestly pretty jealous of my itty bitty teammates that clearly don't track calories and maintain a runners body, so i decided to try just listening to my body and eating whole foods when hungry. i adore fruit and get 4+ servings a day. i've trained my brain to crave bananas and apples instead of sweets. it's great, but those fucking bananas, they get me. and the chocolate milk and peanut butter, of course. so i'm back up to 144 now :( i fell into the ""i'm an athlete, i need fuel!"" trap. nbd tho, i'm disappointed but i can deal with it. i keep thinking about running xc in college and telling my teammates i used to be 50 lbs heavier :) my goals are keeping me up! so, psa/ : it's okay if you accidentally eat too many bananas and gain a few pounds. we'll get them off!"
topic_12,story,0.3295816481113434,"Well, I'm not a vegan anymore. When I was a vegan, I was eating a lot of rice and beans, quinoa, fried tofu, and nut butter in an attempt to get enough protein (as an aside, you need a lot less protein than you think and there is more protein in food you don't think has it than you think), but I was in college and poor. Otherwise, I would have definitely supplemented with hemp or rice protein. Luckily, I didn't train for most of the time I was a vegan (I moved for college and had to give up BJJ for a while). 

Honestly though, it was incredibly challenging as a vegan to get enough protein to build muscle and recover correctly without eating way too many calories and carbs. You *can* be a vegan athlete, I'm not trying to say you can't, but it takes a lot more attention to the details of your diet to meet goals for muscle gain and retention. For a regular person who isn't an athlete or isn't trying to get bigger or stay lean, veganism is actually fairly easy. Rice, beans, lots of vegetables - simple. But when I tried to eat enough to maintain my levels of athleticism and maybe even put on a little muscle, and when I went off to college and only had money for rice and beans every day, I turned into a doughy amorphous mass with very little muscle to me. I didn't really gain weight or anything, I just lost a lot of muscle.

If you don't have a moral disagreement with meat eating, don't do it. At least don't go full vegan - as an athlete, eggs and yogurt will be incredibly helpful for you if you don't have meat to source protein and B vitamins and the like from. People were meant to eat everything, and things eat other things. Meat is good for you in moderation. If you have a moral problem with meat, then I fully support you and respect your opinion. I just will never pretend that it's the healthier option.

TL;DR: In short, I didn't *have* protein goals when I wasn't a vegan, but the small goals I did set for myself admittedly were difficult to maintain and I definitely saw a negative difference in my body from becoming a vegan, especially a vegan with very little cash.","well, i'm not a vegan anymore. when i was a vegan, i was eating a lot of rice and beans, quinoa, fried tofu, and nut butter in an attempt to get enough protein (as an aside, you need a lot less protein than you think and there is more protein in food you don't think has it than you think), but i was in college and poor. otherwise, i would have definitely supplemented with hemp or rice protein. luckily, i didn't train for most of the time i was a vegan (i moved for college and had to give up bjj for a while). honestly though, it was incredibly challenging as a vegan to get enough protein to build muscle and recover correctly without eating way too many calories and carbs. you can be a vegan athlete, i'm not trying to say you can't, but it takes a lot more attention to the details of your diet to meet goals for muscle gain and retention. for a regular person who isn't an athlete or isn't trying to get bigger or stay lean, veganism is actually fairly easy. rice, beans, lots of vegetables - simple. but when i tried to eat enough to maintain my levels of athleticism and maybe even put on a little muscle, and when i went off to college and only had money for rice and beans every day, i turned into a doughy amorphous mass with very little muscle to me. i didn't really gain weight or anything, i just lost a lot of muscle. if you don't have a moral disagreement with meat eating, don't do it. at least don't go full vegan - as an athlete, eggs and yogurt will be incredibly helpful for you if you don't have meat to source protein and b vitamins and the like from. people were meant to eat everything, and things eat other things. meat is good for you in moderation. if you have a moral problem with meat, then i fully support you and respect your opinion. i just will never pretend that it's the healthier option. : in short, i didn't have protein goals when i wasn't a vegan, but the small goals i did set for myself admittedly were difficult to maintain and i definitely saw a negative difference in my body from becoming a vegan, especially a vegan with very little cash."
topic_12,story,0.26969921588897705,"I've always been a sporty kid but have always been on the large side. My parents are somewhat large as well and I guess I got it from them, not that that is an excuse. I was on the football team all the way up until junior year and quit. That is when my body became the POS it was. The most weight that I ever reached was [310lbs.]( this was taken 2009. I thought that was absurd and had to do something. So I joined back up with the football team my senior of high school and I lose around 20lbs and put on some muscle. [2010 Last game of my senior year, I'm number 77.](

Fast foward a little bit. College was just an up and down time. I think over my freshman year I lost another 20lbs.

Fast forward to now. I am currently straddling 230lbs. This is  [Pre-Tough Mudder]( and [Post-Mudder]( and [this is me enjoying the hell out of Tough Mudder]( 

I just don't know what to do right now. I lift weights MWF and run 5 miles on TTh and 2.5 miles on MWF. I eat decently enough, considering I am a broke college kid. On a side not: Thanksgiving break ruined me. 

Any suggestions would be great. I am open to anything.

TL;DR I've lost 80lbs over three years and I want to lose more. Need some suggestions to get over the 230lbs hump.","i've always been a sporty kid but have always been on the large side. my parents are somewhat large as well and i guess i got it from them, not that that is an excuse. i was on the football team all the way up until junior year and quit. that is when my body became the pos it was. the most weight that i ever reached was [310lbs.]( this was taken 2009. i thought that was absurd and had to do something. so i joined back up with the football team my senior of high school and i lose around 20lbs and put on some muscle. [2010 last game of my senior year, i'm number 77.]( fast foward a little bit. college was just an up and down time. i think over my freshman year i lost another 20lbs. fast forward to now. i am currently straddling 230lbs. this is [pre-tough mudder]( and [post-mudder]( and [this is me enjoying the hell out of tough mudder]( i just don't know what to do right now. i lift weights mwf and run 5 miles on tth and 2.5 miles on mwf. i eat decently enough, considering i am a broke college kid. on a side not: thanksgiving break ruined me. any suggestions would be great. i am open to anything. i've lost 80lbs over three years and i want to lose more. need some suggestions to get over the 230lbs hump."
topic_12,no_story,0.10607431828975677,"Dear New Person in Charge of Banquet Communication,

You suck at your job. You are very very bad at it. You are incompetent and ill suited to your assigned duties. This is not entirely your fault, you have received virtually no training, and perhaps even less direct instruction.

Things you should know to do in the future:
-Put out enough plates for each guest to have one; less than that is frustrating for the wedding party.
-Take 5 minutes to print up buffet tents so that people know what they are eating, not everyone got the memo that the fish was fried and the chicken was baked.
-AT SOME GOD DAMN POINT BEFORE I HAVE ALREADY COOKED THE FUCKING FOOD TELL ME THAT THE NUMBER WENT FROM 150 TO 91! Otherwise, I WILL HAVE COOKED ~60 EXTRA PORTIONS OF FOOD!

DO NOT:
-Blame your predecessor claiming ""She knew before she left."" because even if this is true, and it is almost certainly not, IT DOES NOT STOP IT FROM STILL BEING YOUR GOD DAMN JOB TO CHECK YOUR INFORMATION AGAINST MINE!
-Keep insisting that the information on YOUR Banquet Event Order (BEO) is correct thus implying that it's my fault that the correct information was not communicated to the kitchen staff because IT IS LITERALLY THE NUMBER ONE FUNCTION OF YOUR JOB TO MAKE SURE I, ME, THE MOTHER FUCKING EXECUTIVE CHEF HAS THE RIGHT GOD DAMN NUMBERS ON THIS SHIT!

Here are a list of things I would like to say to you in person, but will not, as it would make you cry, quit, kill yourself, get me fired, any combination of these, some I couldn't care less about, others, one, is a serious concern... to be clear my concern is keeping my job, there is no way I would spend more than 10 seconds feeling bad if you killed yourself, honestly, please die soon.

-You are a fucking idiot.
-It is easier for me to believe that you having this job is more directly the result of the GM trying to fuck with me than it is any possible talent or education you might possess.
-How can you possibly imagine that you are going to be able to continue to do this job? No one here likes you, no one respects you, and no one is going to respect you so long as you keep fucking up like this and everyone has every expectation that of course you will.

::rage has abated and I will now cease the pretense of letter writing::

TL;DR Bitch fucked up, I cooked a lot more food than I needed because bitch fucked up. RAGE! Acceptance.

The End

Epilogue

It has recently come to my attention that a function last night was sponsored by one our members to the tune of free beer and wine for 50.  The billing instructions were, again, not communicated to myself nor were they communicated in any direct way to the FoH staff.  As such, members were billed to their accounts as is the norm for these events.  Said member came in today looking to pay her tab and was first embarrassed that our members accounts were charged, with some even paying cash at the event, and second extremely agitated at being embarrassed. I was forced to apologize profusely and make promises that the bill will be reconciled to her previous expectations. We didn't even get to the point that I don't think anyone ever told her the price for the food increased by 60% when she added chilled shrimp at the last minute.  I can't wait to jump on 
that grenade too. ","dear new person in charge of banquet communication, you suck at your job. you are very very bad at it. you are incompetent and ill suited to your assigned duties. this is not entirely your fault, you have received virtually no training, and perhaps even less direct instruction. things you should know to do in the future: -put out enough plates for each guest to have one; less than that is frustrating for the wedding party. -take 5 minutes to print up buffet tents so that people know what they are eating, not everyone got the memo that the fish was fried and the chicken was baked. -at some god damn point before i have already cooked the fucking food tell me that the number went from 150 to 91! otherwise, i will have cooked ~60 extra portions of food! do not: -blame your predecessor claiming ""she knew before she left."" because even if this is true, and it is almost certainly not, it does not stop it from still being your god damn job to check your information against mine! -keep insisting that the information on your banquet event order (beo) is correct thus implying that it's my fault that the correct information was not communicated to the kitchen staff because it is literally the number one function of your job to make sure i, me, the mother fucking executive chef has the right god damn numbers on this shit! here are a list of things i would like to say to you in person, but will not, as it would make you cry, quit, kill yourself, get me fired, any combination of these, some i couldn't care less about, others, one, is a serious concern... to be clear my concern is keeping my job, there is no way i would spend more than 10 seconds feeling bad if you killed yourself, honestly, please die soon. -you are a fucking idiot. -it is easier for me to believe that you having this job is more directly the result of the gm trying to fuck with me than it is any possible talent or education you might possess. -how can you possibly imagine that you are going to be able to continue to do this job? no one here likes you, no one respects you, and no one is going to respect you so long as you keep fucking up like this and everyone has every expectation that of course you will. ::rage has abated and i will now cease the pretense of letter writing:: bitch fucked up, i cooked a lot more food than i needed because bitch fucked up. rage! acceptance. the end epilogue it has recently come to my attention that a function last night was sponsored by one our members to the tune of free beer and wine for 50. the billing instructions were, again, not communicated to myself nor were they communicated in any direct way to the foh staff. as such, members were billed to their accounts as is the norm for these events. said member came in today looking to pay her tab and was first embarrassed that our members accounts were charged, with some even paying cash at the event, and second extremely agitated at being embarrassed. i was forced to apologize profusely and make promises that the bill will be reconciled to her previous expectations. we didn't even get to the point that i don't think anyone ever told her the price for the food increased by 60% when she added chilled shrimp at the last minute. i can't wait to jump on that grenade too."
topic_12,no_story,0.10451576113700867,"In the early universe there was just hydrogen and some helium gas.  Gravity caused the gases to gather together in clouds which eventually got dense enough to start nuclear reactions and stars were born.  One of the products of these first generation stars were heavier elements.  When the stars ran out of fuel they exploded in supernova and created even heavier elements as well as shooting these heavy elements far away.

Eventually gravity caused some of the heavy elements and gases to gather together again to create a new star.  However some gathered together into planets instead.  By a currently unknown mechanism abiogensis happened and life began on Earth.

At the bottom of the food chain on Earth are plants.  They get energy from the Sun, get carbon from CO2 in the atmosphere, and absorb water and nutrients (other molecules and elements) from the ground.

Herbivores eat plants and get their molecules from them.

Carnivores eat herbivores and get their molecules from them.

A human eats both plants and animals thereby in-taking elements (arranged into molecules) into their body which are absorbed from the GI tract into the bloodstream.  The molecules are passed via their blood to cells in their body which can use the molecules for different functions.  A pregnant human is connected to their fetus via the umbilical cord.  The nutrient and oxygen rich blood from the mothers blood stream travels through the placenta where it passes on the elements to the fetus' blood stream and removes waste.  The nutrients are then distributed to the fetus' cells which use it to build more cells or for other functions.

tl;dr You are what you eat.","in the early universe there was just hydrogen and some helium gas. gravity caused the gases to gather together in clouds which eventually got dense enough to start nuclear reactions and stars were born. one of the products of these first generation stars were heavier elements. when the stars ran out of fuel they exploded in supernova and created even heavier elements as well as shooting these heavy elements far away. eventually gravity caused some of the heavy elements and gases to gather together again to create a new star. however some gathered together into planets instead. by a currently unknown mechanism abiogensis happened and life began on earth. at the bottom of the food chain on earth are plants. they get energy from the sun, get carbon from co2 in the atmosphere, and absorb water and nutrients (other molecules and elements) from the ground. herbivores eat plants and get their molecules from them. carnivores eat herbivores and get their molecules from them. a human eats both plants and animals thereby in-taking elements (arranged into molecules) into their body which are absorbed from the gi tract into the bloodstream. the molecules are passed via their blood to cells in their body which can use the molecules for different functions. a pregnant human is connected to their fetus via the umbilical cord. the nutrient and oxygen rich blood from the mothers blood stream travels through the placenta where it passes on the elements to the fetus' blood stream and removes waste. the nutrients are then distributed to the fetus' cells which use it to build more cells or for other functions. you are what you eat."
topic_12,no_story,0.0946166142821312,"Yep, this happens.

I find it happens the most when I know exactly what it is I should be doing. I know the gist of what I want to write, I know the experiments I should run, I know what result I'm looking for, and for some reason I just don't do anything. Sure, I'll make some grammatical or stylistic changes to a paper, or I'll start running some code that will take hours to get results, and then I'll just ""take a quick break"" that turns into browsing reddit for 4 hours.

Before I know it I'm getting hungry, so I save my ""work"" and go home, cook dinner, have some beer, watch some netflix, hang out with friends, go for a run... meanwhile, I can almost *feel* the work that needs doing, camped out in my brain like a needy ex that just won't leave me alone.

Anyway, I digress. Honestly, the best way that I've found to deal with this situation is to give in to the procrastination fully and just completely ignore work for a while. As lateralus555 says, external motivation can be tough to come by. The benefit of this is that you can often set your own hours and do what you think needs doing. 

Which do you think your PI would prefer: you coming to the lab and putting in face time for a week, all the while accomplishing little and feeling depressed, demotivated, and guilty? Or would it be better for you to take a day or two to yourself to do something completely unrelated to work, and then spend the rest of the week refreshed and ready for action?

I can't guarantee that this will work for everyone, or even be an option for everyone, but I find that it's the only thing that helps. I actually just went through this recently, and spent the entire day lying on the couch reading Hugh Howey novels. It was glorious.

The other thing that's great for motivation is attending conferences. It's a combination between taking a break and getting excited about your work, and it's probably seen more favourably than just flaking out for a few days. Bit more lead time required though...

**TL;DR: take a break and do something that you love that's unrelated to your degree.**","yep, this happens. i find it happens the most when i know exactly what it is i should be doing. i know the gist of what i want to write, i know the experiments i should run, i know what result i'm looking for, and for some reason i just don't do anything. sure, i'll make some grammatical or stylistic changes to a paper, or i'll start running some code that will take hours to get results, and then i'll just ""take a quick break"" that turns into browsing reddit for 4 hours. before i know it i'm getting hungry, so i save my ""work"" and go home, cook dinner, have some beer, watch some netflix, hang out with friends, go for a run... meanwhile, i can almost feel the work that needs doing, camped out in my brain like a needy ex that just won't leave me alone. anyway, i digress. honestly, the best way that i've found to deal with this situation is to give in to the procrastination fully and just completely ignore work for a while. as lateralus555 says, external motivation can be tough to come by. the benefit of this is that you can often set your own hours and do what you think needs doing. which do you think your pi would prefer: you coming to the lab and putting in face time for a week, all the while accomplishing little and feeling depressed, demotivated, and guilty? or would it be better for you to take a day or two to yourself to do something completely unrelated to work, and then spend the rest of the week refreshed and ready for action? i can't guarantee that this will work for everyone, or even be an option for everyone, but i find that it's the only thing that helps. i actually just went through this recently, and spent the entire day lying on the couch reading hugh howey novels. it was glorious. the other thing that's great for motivation is attending conferences. it's a combination between taking a break and getting excited about your work, and it's probably seen more favourably than just flaking out for a few days. bit more lead time required though... : take a break and do something that you love that's unrelated to your degree."
topic_13,story,0.8311396241188049,"I've thought about this for a while, but only decided to post when someone else brought up how weak they may be.

Everyone assumes that the animatronics can walk at a leisurely speed. And that Foxy can run quite fast. However, this is proven false. Because the time spent playing does not equal the amount of time the guard has been at Freddy Fazbears Pizzeria.

I'm quite sure that an ingame hour lasts about 2 minutes; making a game last 6 hours. This puts the minutes spent to minutes passed ingame to 1:30. A while back, a thread came up saying that it's impossible how fast Foxy can run in the game's day and age. However, Foxy actually runs incredibly slow. Like, a meter every 30 seconds.

With this logic in mind, Bonnie, Chica and Freddy must also be quite slow. This also means that you have your door light on for about minute at a time (assuming the average player checks for 2 seconds), you look at a camera for almost hours at a time, and a night job there would be incredibly easy.

TL:DR; Everything that happens is happening 30x slower than you see it.","i've thought about this for a while, but only decided to post when someone else brought up how weak they may be. everyone assumes that the animatronics can walk at a leisurely speed. and that foxy can run quite fast. however, this is proven false. because the time spent playing does not equal the amount of time the guard has been at freddy fazbears pizzeria. i'm quite sure that an ingame hour lasts about 2 minutes; making a game last 6 hours. this puts the minutes spent to minutes passed ingame to 1:30. a while back, a thread came up saying that it's impossible how fast foxy can run in the game's day and age. however, foxy actually runs incredibly slow. like, a meter every 30 seconds. with this logic in mind, bonnie, chica and freddy must also be quite slow. this also means that you have your door light on for about minute at a time (assuming the average player checks for 2 seconds), you look at a camera for almost hours at a time, and a night job there would be incredibly easy. ; everything that happens is happening 30x slower than you see it."
topic_13,story,0.10883687436580658,"There is a story of a young, but earnest Zen student who approached his teacher, and asked the Master, ""If I work very hard and diligently, how long will it take for me to find Zen?

The Master thought about this, then replied, ""Ten years . .""

The student then said, ""But what if I work very, very hard and really apply myself to learn fast -- How long then?""

Replied the Master, ""Well, twenty years.""

""But, if I really, really work at it, how long then?"" asked the student.

""Thirty years,"" replied the Master.

""But, I do not understand,"" said the disappointed student. ""At each time that I say I will work harder, you say it will take me longer. Why do you say that?""

Replied the Master, ""When you have one eye on the goal, you only have one eye on the path.""

**TL;DR  It's as hard as you want it to be.**","there is a story of a young, but earnest zen student who approached his teacher, and asked the master, ""if i work very hard and diligently, how long will it take for me to find zen? the master thought about this, then replied, ""ten years . ."" the student then said, ""but what if i work very, very hard and really apply myself to learn fast -- how long then?"" replied the master, ""well, twenty years."" ""but, if i really, really work at it, how long then?"" asked the student. ""thirty years,"" replied the master. ""but, i do not understand,"" said the disappointed student. ""at each time that i say i will work harder, you say it will take me longer. why do you say that?"" replied the master, ""when you have one eye on the goal, you only have one eye on the path."" it's as hard as you want it to be."
topic_13,story,0.09794185310602188,"Was playing a good 4 hour session on hard point and then I happen to run into this teammate who was complaining. 

Now this is typical, peeps complain about a lot of stupid stuff in game chat so I just laugh at him. However, this one was special. We were winning at the time 72 - 221 with 4 minutes left and all the sudden he starts complaining about probably the most retarded thing I've ever heard. He was complained about how we need to get off the points and just kill for the reminder of the game. When he said that I didn't think much of it and stayed on the point, seconds later he just loses his cool and calls me out being a idiot,  random(why is this a insult), etc. 

I promptly told him that this is the main objective and that if I just wanted to do just kill I'd play TDM and so should you. He brags about being in the top 25 and that I have no idea wtf I'm talking about. I'm in tears at this point(of laughter) and I just call him a moron before muting him.

Tldr teammate got angry for playing the objective","was playing a good 4 hour session on hard point and then i happen to run into this teammate who was complaining. now this is typical, peeps complain about a lot of stupid stuff in game chat so i just laugh at him. however, this one was special. we were winning at the time 72 - 221 with 4 minutes left and all the sudden he starts complaining about probably the most retarded thing i've ever heard. he was complained about how we need to get off the points and just kill for the reminder of the game. when he said that i didn't think much of it and stayed on the point, seconds later he just loses his cool and calls me out being a idiot, random(why is this a insult), etc. i promptly told him that this is the main objective and that if i just wanted to do just kill i'd play tdm and so should you. he brags about being in the top 25 and that i have no idea wtf i'm talking about. i'm in tears at this point(of laughter) and i just call him a moron before muting him. teammate got angry for playing the objective"
topic_13,no_story,0.35649317502975464,"As a game programmer, I disagree wholeheartedly with this statement. Were it not for the 'extra hour' of optimising I and my fellows actually -do- put in to making our products faster and better, a great many of the entertainment products that keep a great many people happy would not even be remotely playable.

When the computer has to put multiple millions of polygons on a screen, light and shadow them then add a plethora of interesting special effects; Oh and then contemplate how the AI is going to act, ponder the paths of any number of critters or set of pre-defined interesting game-play events, AND; do all of this 60 times EVERY SECOND. Optimising is important.

And games are not the only place where microseconds count... I have serious doubts google would consider a few seconds 'fast enough' let alone a few -hours- on anything but their most intense processes (like sorting their entire search databases perhaps) and those would be so heavily optimised it's not funny. Any tiny shaved off saving there turns their multi-day process into ""merely hours"".

Anyway, that's my 2 cents.
tl;dr: Optimisation matters, just not for trivially insignificant tasks you'll never do more than once.","as a game programmer, i disagree wholeheartedly with this statement. were it not for the 'extra hour' of optimising i and my fellows actually -do- put in to making our products faster and better, a great many of the entertainment products that keep a great many people happy would not even be remotely playable. when the computer has to put multiple millions of polygons on a screen, light and shadow them then add a plethora of interesting special effects; oh and then contemplate how the ai is going to act, ponder the paths of any number of critters or set of pre-defined interesting game-play events, and; do all of this 60 times every second. optimising is important. and games are not the only place where microseconds count... i have serious doubts google would consider a few seconds 'fast enough' let alone a few -hours- on anything but their most intense processes (like sorting their entire search databases perhaps) and those would be so heavily optimised it's not funny. any tiny shaved off saving there turns their multi-day process into ""merely hours"". anyway, that's my 2 cents. : optimisation matters, just not for trivially insignificant tasks you'll never do more than once."
topic_13,no_story,0.1187862753868103,"In all of the FNAF games, the night guard stays for all five nights and overtime. We know that. But we wonder why they do not quit the job, since it is obviously very dangerous and frightening. Some theories say that they like the thrill, they're broke and need money desperately, or they are forced there by the company. My theory partially agrees with the first one, but it is a bit different.

I think that you are the reason the night guard comes back all the time. Think about it. You control all of his movements and choices, and how much you set the animatronics AI levels, and you can quit the game at any time. What I'm saying is you are the night guard's consciousness. You are telling him what to do to survive, and if you should go back or not. If you quit the game, you are quitting the job! How it matches partially with a theory above is that you are playing it for the thrill of it, or to get more information on the mysteries at Fazbear's Pizza! Whether the night guard was actually scared to go back there or not, it doesn't matter because you, as the consciousness, is forcing him to go back there, sit in that room, and defend yourself for six hours. You, are forcing him to set the levels up or down, close doors whenever you want, checking all those cameras, putting on that mask, rebooting those systems, and flicking those lights because you want the thrill or the clues to the Fazbear murders mystery. You only seem to be there during the night or for deciding if you will continue going there, but what I think is you are what makes his decisions.

TL;DR, you are the night guard's consciousness.

This is my first post so please tell me how I can improve.","in all of the fnaf games, the night guard stays for all five nights and overtime. we know that. but we wonder why they do not quit the job, since it is obviously very dangerous and frightening. some theories say that they like the thrill, they're broke and need money desperately, or they are forced there by the company. my theory partially agrees with the first one, but it is a bit different. i think that you are the reason the night guard comes back all the time. think about it. you control all of his movements and choices, and how much you set the animatronics ai levels, and you can quit the game at any time. what i'm saying is you are the night guard's consciousness. you are telling him what to do to survive, and if you should go back or not. if you quit the game, you are quitting the job! how it matches partially with a theory above is that you are playing it for the thrill of it, or to get more information on the mysteries at fazbear's pizza! whether the night guard was actually scared to go back there or not, it doesn't matter because you, as the consciousness, is forcing him to go back there, sit in that room, and defend yourself for six hours. you, are forcing him to set the levels up or down, close doors whenever you want, checking all those cameras, putting on that mask, rebooting those systems, and flicking those lights because you want the thrill or the clues to the fazbear murders mystery. you only seem to be there during the night or for deciding if you will continue going there, but what i think is you are what makes his decisions. , you are the night guard's consciousness. this is my first post so please tell me how i can improve."
topic_13,no_story,0.10017164051532745,"Yup speedy is right; not much.
You probably wouldn't even notice the slackened head angle the taller fork would give you. You might feel a touch sluggish on tight switchbacks  or low low speed handling but going slow is for chumps anyways right?
The rear shock isn't as simple a swap. Rear suspension is designed very tightly around a specific length shock. As you increase travel you need more room for the frame to clear its full range of motion but more importantly the size of the shock is usually different. The eye to eye length and stroke are determined by the bike/design. So even if you managed to get a longer travel r shock somehow the the shock/bike might not work 
properly because the leverage ratios are now out of wack.

TL;DR 120mm fork no problem,120mm shock more hassle than it's worth &amp; 97% chance it won't work
","yup speedy is right; not much. you probably wouldn't even notice the slackened head angle the taller fork would give you. you might feel a touch sluggish on tight switchbacks or low low speed handling but going slow is for chumps anyways right? the rear shock isn't as simple a swap. rear suspension is designed very tightly around a specific length shock. as you increase travel you need more room for the frame to clear its full range of motion but more importantly the size of the shock is usually different. the eye to eye length and stroke are determined by the bike/design. so even if you managed to get a longer travel r shock somehow the the shock/bike might not work properly because the leverage ratios are now out of wack. 120mm fork no problem,120mm shock more hassle than it's worth &amp; 97% chance it won't work"
topic_14,story,0.5573587417602539,"I'd like to write a book, but am stuck on how I write in first person. My character is fairly stupid, as in he isn't *that* good at school, but do I make this evident in how my book is written? I know that in first person thoughts and descriptions of surrounding events are interconnected.

How I'd write a paragraph:

""As soon as I fell, the first thing I noticed was the sky that was above me. I lay staring at it, and how much it reminded me of home. It was that sort of orange that you would see at twilight, with hints of pink and red unevenly spread out""

How my character would think/write:

""After falling, the first thing I noticed about this world was the sky. It was orange, that orange you'd see in a sunset. Hints of pink though, and red. But mostly orange. Not that that really mattered though, cause I was finally out of that place.""

Also, should I dumb down my writing (ie use simple english words and sentences) or write how I usually write? Or a mix

For reference: [simple english wikipedia]( [normal wikipedia](

**TL;DR:** How do I write in first person when my character is stupid?","i'd like to write a book, but am stuck on how i write in first person. my character is fairly stupid, as in he isn't that good at school, but do i make this evident in how my book is written? i know that in first person thoughts and descriptions of surrounding events are interconnected. how i'd write a paragraph: ""as soon as i fell, the first thing i noticed was the sky that was above me. i lay staring at it, and how much it reminded me of home. it was that sort of orange that you would see at twilight, with hints of pink and red unevenly spread out"" how my character would think/write: ""after falling, the first thing i noticed about this world was the sky. it was orange, that orange you'd see in a sunset. hints of pink though, and red. but mostly orange. not that that really mattered though, cause i was finally out of that place."" also, should i dumb down my writing (ie use simple english words and sentences) or write how i usually write? or a mix for reference: [simple english wikipedia]( [normal wikipedia]( : how do i write in first person when my character is stupid?"
topic_14,story,0.3007183372974396,"As I said, just because they list his name does NOT mean he actually did any work on it. It's called ""ghost writing"" 

And he definitely does not seem capable of writing a song by himself. Thus, not a musical genius. To go back to the Mozart reference, how often do you think Mozart used a co-writer?

Did you know that the band Hanson, at the time pre-teen and teenager boys, wrote their music themselves? Without co-writers on a few early tracks.

Sure, not many people like them anymore... but many in the musical community DO view them as musical geniuses. They sort of fell under the radar and started up a song writing camp sort of thing. The middle one started up a band with members of Smashing Pumpkins, Fountains of Wayne and Cheap Trick.

All three are capable of song writing, playing their own instruments and singing. And have been since before they were in high school.

""Weird"" Al Yankovic. Just a young kid, wrote music himself and parodied other peoples music. Yes, he basically rewrote the lyrics to some songs... but he HAS created many songs himself. And I know plenty of people who consider HIM a musical genius.

These guys broke into the musical community because they were GOOD at music. At writing playing and singing music.

Drake broke into the musical community because he was an actor who already had some fans. He doesn't have a single track written solely by him as far as I can see. There's absolutely no reason to believe he is anything more than a ghostwritten ""well he's already a star"" ""rapper"" produced by the people who realized that sort of shit rakes in huge money.


**TL;DR there are musicians out there who sing, play and write their own stuff. They broke into the industry by being good. Drake does not. He broke into the industry by being an actor and singing other peoples stuff.**","as i said, just because they list his name does not mean he actually did any work on it. it's called ""ghost writing"" and he definitely does not seem capable of writing a song by himself. thus, not a musical genius. to go back to the mozart reference, how often do you think mozart used a co-writer? did you know that the band hanson, at the time pre-teen and teenager boys, wrote their music themselves? without co-writers on a few early tracks. sure, not many people like them anymore... but many in the musical community do view them as musical geniuses. they sort of fell under the radar and started up a song writing camp sort of thing. the middle one started up a band with members of smashing pumpkins, fountains of wayne and cheap trick. all three are capable of song writing, playing their own instruments and singing. and have been since before they were in high school. ""weird"" al yankovic. just a young kid, wrote music himself and parodied other peoples music. yes, he basically rewrote the lyrics to some songs... but he has created many songs himself. and i know plenty of people who consider him a musical genius. these guys broke into the musical community because they were good at music. at writing playing and singing music. drake broke into the musical community because he was an actor who already had some fans. he doesn't have a single track written solely by him as far as i can see. there's absolutely no reason to believe he is anything more than a ghostwritten ""well he's already a star"" ""rapper"" produced by the people who realized that sort of shit rakes in huge money. there are musicians out there who sing, play and write their own stuff. they broke into the industry by being good. drake does not. he broke into the industry by being an actor and singing other peoples stuff."
topic_14,story,0.12603989243507385,"If you haven't done so already, of course.

My girl had tickets to 112 and Blackstreet last night and they put on a great show. It was incredibly turnt up, much more than I'd expect for a relatively slow tempo genre.

112 went first and held their own, basically going through their timeline and doing a few classics that had influenced their music. Dudes also performed some Biggie classics, but of course, they were there for the ladies and had them eating out the palm of their hand with the sexier tunes. Of course I was wiling out when they did their Bad Boy era stuff which brought the house down. It was dope.

But Blackstreet took it to another level when they came on. Those dudes  (original members, anyway) are not young (neither are 112), but they were full of energy throughout. They brought back former member Dave Hollister as well. Clearly they were the main act. Better lighting effects, more choreography and a bigger band. Their interaction with the girls in the crowd was candid and endless. Many of them left with a story to tell afterwards, I guarantee you.

Highlight for me was when Teddy Riley did his fucking thing while the rest of Blackstreet went backstage. If you don't know, dude practically ran R&amp;B in the late-80s to mid-90s. Saying he's the father of New Jack Swing is not an exaggeration. Dude went through his New Jack production discography; I almost lost it.

I'm a bit older than the average HHHer, so the crowd had a good portion of over 30s as well, but there was plenty of young'ins. Everyone was looking good. Girls came dressed to kill so if you had hit up the after party, I'm sure it was killer. We were too exhausted after a long week to go. All in all, it was crazy fun, and I cosign it. And you know my cosign is bigger than Obama's.

Bonus for going to such a concert, for the single guys: girls that are into R&amp;B/Soul are guaranteed to have great taste in music and are likely to be some of the coolest you'll ever meet.

**TLDR: read the whole thing.**","if you haven't done so already, of course. my girl had tickets to 112 and blackstreet last night and they put on a great show. it was incredibly turnt up, much more than i'd expect for a relatively slow tempo genre. 112 went first and held their own, basically going through their timeline and doing a few classics that had influenced their music. dudes also performed some biggie classics, but of course, they were there for the ladies and had them eating out the palm of their hand with the sexier tunes. of course i was wiling out when they did their bad boy era stuff which brought the house down. it was dope. but blackstreet took it to another level when they came on. those dudes (original members, anyway) are not young (neither are 112), but they were full of energy throughout. they brought back former member dave hollister as well. clearly they were the main act. better lighting effects, more choreography and a bigger band. their interaction with the girls in the crowd was candid and endless. many of them left with a story to tell afterwards, i guarantee you. highlight for me was when teddy riley did his fucking thing while the rest of blackstreet went backstage. if you don't know, dude practically ran r&amp;b in the late-80s to mid-90s. saying he's the father of new jack swing is not an exaggeration. dude went through his new jack production discography; i almost lost it. i'm a bit older than the average hhher, so the crowd had a good portion of over 30s as well, but there was plenty of young'ins. everyone was looking good. girls came dressed to kill so if you had hit up the after party, i'm sure it was killer. we were too exhausted after a long week to go. all in all, it was crazy fun, and i cosign it. and you know my cosign is bigger than obama's. bonus for going to such a concert, for the single guys: girls that are into r&amp;b/soul are guaranteed to have great taste in music and are likely to be some of the coolest you'll ever meet. : read the whole thing."
topic_14,no_story,0.42702633142471313,"I have spent a lot of time recently studying music theory and composition, although I have no formal training in music, I feel like I can comment on this subject and help out the slightly less musically educated.

Simply put, writing melodies is completely and totally up to you and what you feel ""sounds right"".  Seriously.

Yes, there are things to know about how tones move (literally nothing more than measuring change in pitch between different notes), and changing the melody rhythmically, but when it comes down to it, IT'S UP TO YOU.

So don't let your lack of knowledge of music theory and composition stop you from doing the most important thing in all of making music; PRACTICE.  PRACTICE.  PRACTICE.  You are going to suck.  You're going to suck a bit more.  Then, you'll end up with something you like and be elated.  Then you'll suck some more.  Then things will start to click and make more sense.

**TL;DR:  Writing good melodies is up to your sense of how music should work.  So go out there and compose.**

Edit:  I should mention that I was talking only about writing melodies, NOT chords or any other compositional stuff.","i have spent a lot of time recently studying music theory and composition, although i have no formal training in music, i feel like i can comment on this subject and help out the slightly less musically educated. simply put, writing melodies is completely and totally up to you and what you feel ""sounds right"". seriously. yes, there are things to know about how tones move (literally nothing more than measuring change in pitch between different notes), and changing the melody rhythmically, but when it comes down to it, it's up to you. so don't let your lack of knowledge of music theory and composition stop you from doing the most important thing in all of making music; practice. practice. practice. you are going to suck. you're going to suck a bit more. then, you'll end up with something you like and be elated. then you'll suck some more. then things will start to click and make more sense. : writing good melodies is up to your sense of how music should work. so go out there and compose. edit: i should mention that i was talking only about writing melodies, not chords or any other compositional stuff."
topic_14,no_story,0.42702633142471313,"I have spent a lot of time recently studying music theory and composition, although I have no formal training in music, I feel like I can comment on this subject and help out the slightly less musically educated.

Simply put, writing melodies is completely and totally up to you and what you feel ""sounds right"".  Seriously.

Yes, there are things to know about how tones move (literally nothing more than measuring change in pitch between different notes), and changing the melody rhythmically, but when it comes down to it, IT'S UP TO YOU.

So don't let your lack of knowledge of music theory and composition stop you from doing the most important thing in all of making music; PRACTICE.  PRACTICE.  PRACTICE.  You are going to suck.  You're going to suck a bit more.  Then, you'll end up with something you like and be elated.  Then you'll suck some more.  Then things will start to click and make more sense.

**TL;DR:  Writing good melodies is up to your sense of how music should work.  So go out there and compose.**

Edit:  I should mention that I was talking only about writing melodies, NOT chords or any other compositional stuff.","i have spent a lot of time recently studying music theory and composition, although i have no formal training in music, i feel like i can comment on this subject and help out the slightly less musically educated. simply put, writing melodies is completely and totally up to you and what you feel ""sounds right"". seriously. yes, there are things to know about how tones move (literally nothing more than measuring change in pitch between different notes), and changing the melody rhythmically, but when it comes down to it, it's up to you. so don't let your lack of knowledge of music theory and composition stop you from doing the most important thing in all of making music; practice. practice. practice. you are going to suck. you're going to suck a bit more. then, you'll end up with something you like and be elated. then you'll suck some more. then things will start to click and make more sense. : writing good melodies is up to your sense of how music should work. so go out there and compose. edit: i should mention that i was talking only about writing melodies, not chords or any other compositional stuff."
topic_14,no_story,0.20046278834342957,"Let this be your first lesson in the highly expensive hobby of HiFi:   cramming more gear in the signal path isn't going to objectively improve the audio quality.  Subjectively?  Maybe, but at that point you're coloring your music to make up for a lack in overall system quality.  This might sound good to you, and if it does and it makes you happy, hey that's totally cool, enjoy your music, but let's not confuse it with quality audio reproduction. 

If you put a headphone amp in your signal path, you could end up clipping your signal, which effectively makes it's it worse than it was.  Reason:  The headphone amp will be supplying gain to the audio signal, if you go over unity gain (1 to 1 ratio of input signal voltage to output signal voltage) and the signal is already pretty hot, you may start to hear audible distortion from the speakers, which may damage the speakers.

If you insist on putting this headphone amp in the signal chain, I would recommend finding it's unity gain position on the volume knob.  How to:

1.  Download a pink noise wav or flac file from the internet.  (
2.  Set the master volume level of your computer, and the volume level of media player to 100%
3.  Plug in a cable to the output of your computer, but do not plug it into your speakers or headphone amp yet.
4.  Play the file from your media player
5.  Using a multimeter, measure the ac voltage from one of  your channels.  For an RCA connector place one probe on the center conductor, and the other probe on the outer ring, being sure to not short the center conductor the the outer ring with one of the probes.  For an 1/8"" (3.5mm) TRS connector (headphone connector) place one probe on the tip, and the other probe on the sleeve (the metal ring closest to the wire), once again being sure to not short any of the three contacts with the probes.  Then write down what your meter is reading.
6.  Now plug the output of your computer into the headphone amp, and plug another cable into the output of your headphone amp.
7.  With the volume all the way down on your headphone amp, and the output of your computer still at 100%, place the probes of your meter on the cable coming out of your headphone amp, as described in step 5.
8.  Slowly turn up the volume of your headphone amp until it is at the same reading on your meter as it was when you were coming directly out of your computer.
9.  Somehow, mark the position of the volume knob on the headphone amp so that you will always know where unity gain is.


Or if I were you, I'd take that $80 for a headphone amp and put that towards a nicer set of powered speakers/monitors.

TL;DR:

If you want warmth, turn down the treble.","let this be your first lesson in the highly expensive hobby of hifi: cramming more gear in the signal path isn't going to objectively improve the audio quality. subjectively? maybe, but at that point you're coloring your music to make up for a lack in overall system quality. this might sound good to you, and if it does and it makes you happy, hey that's totally cool, enjoy your music, but let's not confuse it with quality audio reproduction. if you put a headphone amp in your signal path, you could end up clipping your signal, which effectively makes it's it worse than it was. reason: the headphone amp will be supplying gain to the audio signal, if you go over unity gain (1 to 1 ratio of input signal voltage to output signal voltage) and the signal is already pretty hot, you may start to hear audible distortion from the speakers, which may damage the speakers. if you insist on putting this headphone amp in the signal chain, i would recommend finding it's unity gain position on the volume knob. how to: 1. download a pink noise wav or flac file from the internet. ( 2. set the master volume level of your computer, and the volume level of media player to 100% 3. plug in a cable to the output of your computer, but do not plug it into your speakers or headphone amp yet. 4. play the file from your media player 5. using a multimeter, measure the ac voltage from one of your channels. for an rca connector place one probe on the center conductor, and the other probe on the outer ring, being sure to not short the center conductor the the outer ring with one of the probes. for an 1/8"" (3.5mm) trs connector (headphone connector) place one probe on the tip, and the other probe on the sleeve (the metal ring closest to the wire), once again being sure to not short any of the three contacts with the probes. then write down what your meter is reading. 6. now plug the output of your computer into the headphone amp, and plug another cable into the output of your headphone amp. 7. with the volume all the way down on your headphone amp, and the output of your computer still at 100%, place the probes of your meter on the cable coming out of your headphone amp, as described in step 5. 8. slowly turn up the volume of your headphone amp until it is at the same reading on your meter as it was when you were coming directly out of your computer. 9. somehow, mark the position of the volume knob on the headphone amp so that you will always know where unity gain is. or if i were you, i'd take that $80 for a headphone amp and put that towards a nicer set of powered speakers/monitors. : if you want warmth, turn down the treble."
